split,label,filename,width,height,mode
train,crazing,crazing_1.jpg,200,200,RGB
train,crazing,crazing_10.jpg,200,200,RGB
train,crazing,crazing_100.jpg,200,200,RGB
train,crazing,crazing_101.jpg,200,200,RGB
train,crazing,crazing_102.jpg,200,200,RGB
train,crazing,crazing_103.jpg,200,200,RGB
train,crazing,crazing_104.jpg,200,200,RGB
train,crazing,crazing_105.jpg,200,200,RGB
train,crazing,crazing_106.jpg,200,200,RGB
train,crazing,crazing_107.jpg,200,200,RGB
train,crazing,crazing_108.jpg,200,200,RGB
train,crazing,crazing_109.jpg,200,200,RGB
train,crazing,crazing_11.jpg,200,200,RGB
train,crazing,crazing_110.jpg,200,200,RGB
train,crazing,crazing_111.jpg,200,200,RGB
train,crazing,crazing_112.jpg,200,200,RGB
train,crazing,crazing_113.jpg,200,200,RGB
train,crazing,crazing_114.jpg,200,200,RGB
train,crazing,crazing_115.jpg,200,200,RGB
train,crazing,crazing_116.jpg,200,200,RGB
train,crazing,crazing_117.jpg,200,200,RGB
train,crazing,crazing_118.jpg,200,200,RGB
train,crazing,crazing_119.jpg,200,200,RGB
train,crazing,crazing_12.jpg,200,200,RGB
train,crazing,crazing_120.jpg,200,200,RGB
train,crazing,crazing_121.jpg,200,200,RGB
train,crazing,crazing_122.jpg,200,200,RGB
train,crazing,crazing_123.jpg,200,200,RGB
train,crazing,crazing_124.jpg,200,200,RGB
train,crazing,crazing_125.jpg,200,200,RGB
train,crazing,crazing_126.jpg,200,200,RGB
train,crazing,crazing_127.jpg,200,200,RGB
train,crazing,crazing_128.jpg,200,200,RGB
train,crazing,crazing_129.jpg,200,200,RGB
train,crazing,crazing_13.jpg,200,200,RGB
train,crazing,crazing_130.jpg,200,200,RGB
train,crazing,crazing_131.jpg,200,200,RGB
train,crazing,crazing_132.jpg,200,200,RGB
train,crazing,crazing_133.jpg,200,200,RGB
train,crazing,crazing_134.jpg,200,200,RGB
train,crazing,crazing_135.jpg,200,200,RGB
train,crazing,crazing_136.jpg,200,200,RGB
train,crazing,crazing_137.jpg,200,200,RGB
train,crazing,crazing_138.jpg,200,200,RGB
train,crazing,crazing_139.jpg,200,200,RGB
train,crazing,crazing_14.jpg,200,200,RGB
train,crazing,crazing_140.jpg,200,200,RGB
train,crazing,crazing_141.jpg,200,200,RGB
train,crazing,crazing_142.jpg,200,200,RGB
train,crazing,crazing_143.jpg,200,200,RGB
train,crazing,crazing_144.jpg,200,200,RGB
train,crazing,crazing_145.jpg,200,200,RGB
train,crazing,crazing_146.jpg,200,200,RGB
train,crazing,crazing_147.jpg,200,200,RGB
train,crazing,crazing_148.jpg,200,200,RGB
train,crazing,crazing_149.jpg,200,200,RGB
train,crazing,crazing_15.jpg,200,200,RGB
train,crazing,crazing_150.jpg,200,200,RGB
train,crazing,crazing_151.jpg,200,200,RGB
train,crazing,crazing_152.jpg,200,200,RGB
train,crazing,crazing_153.jpg,200,200,RGB
train,crazing,crazing_154.jpg,200,200,RGB
train,crazing,crazing_155.jpg,200,200,RGB
train,crazing,crazing_156.jpg,200,200,RGB
train,crazing,crazing_157.jpg,200,200,RGB
train,crazing,crazing_158.jpg,200,200,RGB
train,crazing,crazing_159.jpg,200,200,RGB
train,crazing,crazing_16.jpg,200,200,RGB
train,crazing,crazing_160.jpg,200,200,RGB
train,crazing,crazing_161.jpg,200,200,RGB
train,crazing,crazing_162.jpg,200,200,RGB
train,crazing,crazing_163.jpg,200,200,RGB
train,crazing,crazing_164.jpg,200,200,RGB
train,crazing,crazing_165.jpg,200,200,RGB
train,crazing,crazing_166.jpg,200,200,RGB
train,crazing,crazing_167.jpg,200,200,RGB
train,crazing,crazing_168.jpg,200,200,RGB
train,crazing,crazing_169.jpg,200,200,RGB
train,crazing,crazing_17.jpg,200,200,RGB
train,crazing,crazing_170.jpg,200,200,RGB
train,crazing,crazing_171.jpg,200,200,RGB
train,crazing,crazing_172.jpg,200,200,RGB
train,crazing,crazing_173.jpg,200,200,RGB
train,crazing,crazing_174.jpg,200,200,RGB
train,crazing,crazing_175.jpg,200,200,RGB
train,crazing,crazing_176.jpg,200,200,RGB
train,crazing,crazing_177.jpg,200,200,RGB
train,crazing,crazing_178.jpg,200,200,RGB
train,crazing,crazing_179.jpg,200,200,RGB
train,crazing,crazing_18.jpg,200,200,RGB
train,crazing,crazing_180.jpg,200,200,RGB
train,crazing,crazing_181.jpg,200,200,RGB
train,crazing,crazing_182.jpg,200,200,RGB
train,crazing,crazing_183.jpg,200,200,RGB
train,crazing,crazing_184.jpg,200,200,RGB
train,crazing,crazing_185.jpg,200,200,RGB
train,crazing,crazing_186.jpg,200,200,RGB
train,crazing,crazing_187.jpg,200,200,RGB
train,crazing,crazing_188.jpg,200,200,RGB
train,crazing,crazing_189.jpg,200,200,RGB
train,crazing,crazing_19.jpg,200,200,RGB
train,crazing,crazing_190.jpg,200,200,RGB
train,crazing,crazing_191.jpg,200,200,RGB
train,crazing,crazing_192.jpg,200,200,RGB
train,crazing,crazing_193.jpg,200,200,RGB
train,crazing,crazing_194.jpg,200,200,RGB
train,crazing,crazing_195.jpg,200,200,RGB
train,crazing,crazing_196.jpg,200,200,RGB
train,crazing,crazing_197.jpg,200,200,RGB
train,crazing,crazing_198.jpg,200,200,RGB
train,crazing,crazing_199.jpg,200,200,RGB
train,crazing,crazing_2.jpg,200,200,RGB
train,crazing,crazing_20.jpg,200,200,RGB
train,crazing,crazing_200.jpg,200,200,RGB
train,crazing,crazing_201.jpg,200,200,RGB
train,crazing,crazing_202.jpg,200,200,RGB
train,crazing,crazing_203.jpg,200,200,RGB
train,crazing,crazing_204.jpg,200,200,RGB
train,crazing,crazing_205.jpg,200,200,RGB
train,crazing,crazing_206.jpg,200,200,RGB
train,crazing,crazing_207.jpg,200,200,RGB
train,crazing,crazing_208.jpg,200,200,RGB
train,crazing,crazing_209.jpg,200,200,RGB
train,crazing,crazing_21.jpg,200,200,RGB
train,crazing,crazing_210.jpg,200,200,RGB
train,crazing,crazing_211.jpg,200,200,RGB
train,crazing,crazing_212.jpg,200,200,RGB
train,crazing,crazing_213.jpg,200,200,RGB
train,crazing,crazing_214.jpg,200,200,RGB
train,crazing,crazing_215.jpg,200,200,RGB
train,crazing,crazing_216.jpg,200,200,RGB
train,crazing,crazing_217.jpg,200,200,RGB
train,crazing,crazing_218.jpg,200,200,RGB
train,crazing,crazing_219.jpg,200,200,RGB
train,crazing,crazing_22.jpg,200,200,RGB
train,crazing,crazing_220.jpg,200,200,RGB
train,crazing,crazing_221.jpg,200,200,RGB
train,crazing,crazing_222.jpg,200,200,RGB
train,crazing,crazing_223.jpg,200,200,RGB
train,crazing,crazing_224.jpg,200,200,RGB
train,crazing,crazing_225.jpg,200,200,RGB
train,crazing,crazing_226.jpg,200,200,RGB
train,crazing,crazing_227.jpg,200,200,RGB
train,crazing,crazing_228.jpg,200,200,RGB
train,crazing,crazing_229.jpg,200,200,RGB
train,crazing,crazing_23.jpg,200,200,RGB
train,crazing,crazing_230.jpg,200,200,RGB
train,crazing,crazing_231.jpg,200,200,RGB
train,crazing,crazing_232.jpg,200,200,RGB
train,crazing,crazing_233.jpg,200,200,RGB
train,crazing,crazing_234.jpg,200,200,RGB
train,crazing,crazing_235.jpg,200,200,RGB
train,crazing,crazing_236.jpg,200,200,RGB
train,crazing,crazing_237.jpg,200,200,RGB
train,crazing,crazing_238.jpg,200,200,RGB
train,crazing,crazing_239.jpg,200,200,RGB
train,crazing,crazing_24.jpg,200,200,RGB
train,crazing,crazing_240.jpg,200,200,RGB
train,crazing,crazing_25.jpg,200,200,RGB
train,crazing,crazing_26.jpg,200,200,RGB
train,crazing,crazing_27.jpg,200,200,RGB
train,crazing,crazing_28.jpg,200,200,RGB
train,crazing,crazing_29.jpg,200,200,RGB
train,crazing,crazing_3.jpg,200,200,RGB
train,crazing,crazing_30.jpg,200,200,RGB
train,crazing,crazing_31.jpg,200,200,RGB
train,crazing,crazing_32.jpg,200,200,RGB
train,crazing,crazing_33.jpg,200,200,RGB
train,crazing,crazing_34.jpg,200,200,RGB
train,crazing,crazing_35.jpg,200,200,RGB
train,crazing,crazing_36.jpg,200,200,RGB
train,crazing,crazing_37.jpg,200,200,RGB
train,crazing,crazing_38.jpg,200,200,RGB
train,crazing,crazing_39.jpg,200,200,RGB
train,crazing,crazing_4.jpg,200,200,RGB
train,crazing,crazing_40.jpg,200,200,RGB
train,crazing,crazing_41.jpg,200,200,RGB
train,crazing,crazing_42.jpg,200,200,RGB
train,crazing,crazing_43.jpg,200,200,RGB
train,crazing,crazing_44.jpg,200,200,RGB
train,crazing,crazing_45.jpg,200,200,RGB
train,crazing,crazing_46.jpg,200,200,RGB
train,crazing,crazing_47.jpg,200,200,RGB
train,crazing,crazing_48.jpg,200,200,RGB
train,crazing,crazing_49.jpg,200,200,RGB
train,crazing,crazing_5.jpg,200,200,RGB
train,crazing,crazing_50.jpg,200,200,RGB
train,crazing,crazing_51.jpg,200,200,RGB
train,crazing,crazing_52.jpg,200,200,RGB
train,crazing,crazing_53.jpg,200,200,RGB
train,crazing,crazing_54.jpg,200,200,RGB
train,crazing,crazing_55.jpg,200,200,RGB
train,crazing,crazing_56.jpg,200,200,RGB
train,crazing,crazing_57.jpg,200,200,RGB
train,crazing,crazing_58.jpg,200,200,RGB
train,crazing,crazing_59.jpg,200,200,RGB
train,crazing,crazing_6.jpg,200,200,RGB
train,crazing,crazing_60.jpg,200,200,RGB
train,crazing,crazing_61.jpg,200,200,RGB
train,crazing,crazing_62.jpg,200,200,RGB
train,crazing,crazing_63.jpg,200,200,RGB
train,crazing,crazing_64.jpg,200,200,RGB
train,crazing,crazing_65.jpg,200,200,RGB
train,crazing,crazing_66.jpg,200,200,RGB
train,crazing,crazing_67.jpg,200,200,RGB
train,crazing,crazing_68.jpg,200,200,RGB
train,crazing,crazing_69.jpg,200,200,RGB
train,crazing,crazing_7.jpg,200,200,RGB
train,crazing,crazing_70.jpg,200,200,RGB
train,crazing,crazing_71.jpg,200,200,RGB
train,crazing,crazing_72.jpg,200,200,RGB
train,crazing,crazing_73.jpg,200,200,RGB
train,crazing,crazing_74.jpg,200,200,RGB
train,crazing,crazing_75.jpg,200,200,RGB
train,crazing,crazing_76.jpg,200,200,RGB
train,crazing,crazing_77.jpg,200,200,RGB
train,crazing,crazing_78.jpg,200,200,RGB
train,crazing,crazing_79.jpg,200,200,RGB
train,crazing,crazing_8.jpg,200,200,RGB
train,crazing,crazing_80.jpg,200,200,RGB
train,crazing,crazing_81.jpg,200,200,RGB
train,crazing,crazing_82.jpg,200,200,RGB
train,crazing,crazing_83.jpg,200,200,RGB
train,crazing,crazing_84.jpg,200,200,RGB
train,crazing,crazing_85.jpg,200,200,RGB
train,crazing,crazing_86.jpg,200,200,RGB
train,crazing,crazing_87.jpg,200,200,RGB
train,crazing,crazing_88.jpg,200,200,RGB
train,crazing,crazing_89.jpg,200,200,RGB
train,crazing,crazing_9.jpg,200,200,RGB
train,crazing,crazing_90.jpg,200,200,RGB
train,crazing,crazing_91.jpg,200,200,RGB
train,crazing,crazing_92.jpg,200,200,RGB
train,crazing,crazing_93.jpg,200,200,RGB
train,crazing,crazing_94.jpg,200,200,RGB
train,crazing,crazing_95.jpg,200,200,RGB
train,crazing,crazing_96.jpg,200,200,RGB
train,crazing,crazing_97.jpg,200,200,RGB
train,crazing,crazing_98.jpg,200,200,RGB
train,crazing,crazing_99.jpg,200,200,RGB
train,inclusion,inclusion_1.jpg,200,200,RGB
train,inclusion,inclusion_10.jpg,200,200,RGB
train,inclusion,inclusion_100.jpg,200,200,RGB
train,inclusion,inclusion_101.jpg,200,200,RGB
train,inclusion,inclusion_102.jpg,200,200,RGB
train,inclusion,inclusion_103.jpg,200,200,RGB
train,inclusion,inclusion_104.jpg,200,200,RGB
train,inclusion,inclusion_105.jpg,200,200,RGB
train,inclusion,inclusion_106.jpg,200,200,RGB
train,inclusion,inclusion_107.jpg,200,200,RGB
train,inclusion,inclusion_108.jpg,200,200,RGB
train,inclusion,inclusion_109.jpg,200,200,RGB
train,inclusion,inclusion_11.jpg,200,200,RGB
train,inclusion,inclusion_110.jpg,200,200,RGB
train,inclusion,inclusion_111.jpg,200,200,RGB
train,inclusion,inclusion_112.jpg,200,200,RGB
train,inclusion,inclusion_113.jpg,200,200,RGB
train,inclusion,inclusion_114.jpg,200,200,RGB
train,inclusion,inclusion_115.jpg,200,200,RGB
train,inclusion,inclusion_116.jpg,200,200,RGB
train,inclusion,inclusion_117.jpg,200,200,RGB
train,inclusion,inclusion_118.jpg,200,200,RGB
train,inclusion,inclusion_119.jpg,200,200,RGB
train,inclusion,inclusion_12.jpg,200,200,RGB
train,inclusion,inclusion_120.jpg,200,200,RGB
train,inclusion,inclusion_121.jpg,200,200,RGB
train,inclusion,inclusion_122.jpg,200,200,RGB
train,inclusion,inclusion_123.jpg,200,200,RGB
train,inclusion,inclusion_124.jpg,200,200,RGB
train,inclusion,inclusion_125.jpg,200,200,RGB
train,inclusion,inclusion_126.jpg,200,200,RGB
train,inclusion,inclusion_127.jpg,200,200,RGB
train,inclusion,inclusion_128.jpg,200,200,RGB
train,inclusion,inclusion_129.jpg,200,200,RGB
train,inclusion,inclusion_13.jpg,200,200,RGB
train,inclusion,inclusion_130.jpg,200,200,RGB
train,inclusion,inclusion_131.jpg,200,200,RGB
train,inclusion,inclusion_132.jpg,200,200,RGB
train,inclusion,inclusion_133.jpg,200,200,RGB
train,inclusion,inclusion_134.jpg,200,200,RGB
train,inclusion,inclusion_135.jpg,200,200,RGB
train,inclusion,inclusion_136.jpg,200,200,RGB
train,inclusion,inclusion_137.jpg,200,200,RGB
train,inclusion,inclusion_138.jpg,200,200,RGB
train,inclusion,inclusion_139.jpg,200,200,RGB
train,inclusion,inclusion_14.jpg,200,200,RGB
train,inclusion,inclusion_140.jpg,200,200,RGB
train,inclusion,inclusion_141.jpg,200,200,RGB
train,inclusion,inclusion_142.jpg,200,200,RGB
train,inclusion,inclusion_143.jpg,200,200,RGB
train,inclusion,inclusion_144.jpg,200,200,RGB
train,inclusion,inclusion_145.jpg,200,200,RGB
train,inclusion,inclusion_146.jpg,200,200,RGB
train,inclusion,inclusion_147.jpg,200,200,RGB
train,inclusion,inclusion_148.jpg,200,200,RGB
train,inclusion,inclusion_149.jpg,200,200,RGB
train,inclusion,inclusion_15.jpg,200,200,RGB
train,inclusion,inclusion_150.jpg,200,200,RGB
train,inclusion,inclusion_151.jpg,200,200,RGB
train,inclusion,inclusion_152.jpg,200,200,RGB
train,inclusion,inclusion_153.jpg,200,200,RGB
train,inclusion,inclusion_154.jpg,200,200,RGB
train,inclusion,inclusion_155.jpg,200,200,RGB
train,inclusion,inclusion_156.jpg,200,200,RGB
train,inclusion,inclusion_157.jpg,200,200,RGB
train,inclusion,inclusion_158.jpg,200,200,RGB
train,inclusion,inclusion_159.jpg,200,200,RGB
train,inclusion,inclusion_16.jpg,200,200,RGB
train,inclusion,inclusion_160.jpg,200,200,RGB
train,inclusion,inclusion_161.jpg,200,200,RGB
train,inclusion,inclusion_162.jpg,200,200,RGB
train,inclusion,inclusion_163.jpg,200,200,RGB
train,inclusion,inclusion_164.jpg,200,200,RGB
train,inclusion,inclusion_165.jpg,200,200,RGB
train,inclusion,inclusion_166.jpg,200,200,RGB
train,inclusion,inclusion_167.jpg,200,200,RGB
train,inclusion,inclusion_168.jpg,200,200,RGB
train,inclusion,inclusion_169.jpg,200,200,RGB
train,inclusion,inclusion_17.jpg,200,200,RGB
train,inclusion,inclusion_170.jpg,200,200,RGB
train,inclusion,inclusion_171.jpg,200,200,RGB
train,inclusion,inclusion_172.jpg,200,200,RGB
train,inclusion,inclusion_173.jpg,200,200,RGB
train,inclusion,inclusion_174.jpg,200,200,RGB
train,inclusion,inclusion_175.jpg,200,200,RGB
train,inclusion,inclusion_176.jpg,200,200,RGB
train,inclusion,inclusion_177.jpg,200,200,RGB
train,inclusion,inclusion_178.jpg,200,200,RGB
train,inclusion,inclusion_179.jpg,200,200,RGB
train,inclusion,inclusion_18.jpg,200,200,RGB
train,inclusion,inclusion_180.jpg,200,200,RGB
train,inclusion,inclusion_181.jpg,200,200,RGB
train,inclusion,inclusion_182.jpg,200,200,RGB
train,inclusion,inclusion_183.jpg,200,200,RGB
train,inclusion,inclusion_184.jpg,200,200,RGB
train,inclusion,inclusion_185.jpg,200,200,RGB
train,inclusion,inclusion_186.jpg,200,200,RGB
train,inclusion,inclusion_187.jpg,200,200,RGB
train,inclusion,inclusion_188.jpg,200,200,RGB
train,inclusion,inclusion_189.jpg,200,200,RGB
train,inclusion,inclusion_19.jpg,200,200,RGB
train,inclusion,inclusion_190.jpg,200,200,RGB
train,inclusion,inclusion_191.jpg,200,200,RGB
train,inclusion,inclusion_192.jpg,200,200,RGB
train,inclusion,inclusion_193.jpg,200,200,RGB
train,inclusion,inclusion_194.jpg,200,200,RGB
train,inclusion,inclusion_195.jpg,200,200,RGB
train,inclusion,inclusion_196.jpg,200,200,RGB
train,inclusion,inclusion_197.jpg,200,200,RGB
train,inclusion,inclusion_198.jpg,200,200,RGB
train,inclusion,inclusion_199.jpg,200,200,RGB
train,inclusion,inclusion_2.jpg,200,200,RGB
train,inclusion,inclusion_20.jpg,200,200,RGB
train,inclusion,inclusion_200.jpg,200,200,RGB
train,inclusion,inclusion_201.jpg,200,200,RGB
train,inclusion,inclusion_202.jpg,200,200,RGB
train,inclusion,inclusion_203.jpg,200,200,RGB
train,inclusion,inclusion_204.jpg,200,200,RGB
train,inclusion,inclusion_205.jpg,200,200,RGB
train,inclusion,inclusion_206.jpg,200,200,RGB
train,inclusion,inclusion_207.jpg,200,200,RGB
train,inclusion,inclusion_208.jpg,200,200,RGB
train,inclusion,inclusion_209.jpg,200,200,RGB
train,inclusion,inclusion_21.jpg,200,200,RGB
train,inclusion,inclusion_210.jpg,200,200,RGB
train,inclusion,inclusion_211.jpg,200,200,RGB
train,inclusion,inclusion_212.jpg,200,200,RGB
train,inclusion,inclusion_213.jpg,200,200,RGB
train,inclusion,inclusion_214.jpg,200,200,RGB
train,inclusion,inclusion_215.jpg,200,200,RGB
train,inclusion,inclusion_216.jpg,200,200,RGB
train,inclusion,inclusion_217.jpg,200,200,RGB
train,inclusion,inclusion_218.jpg,200,200,RGB
train,inclusion,inclusion_219.jpg,200,200,RGB
train,inclusion,inclusion_22.jpg,200,200,RGB
train,inclusion,inclusion_220.jpg,200,200,RGB
train,inclusion,inclusion_221.jpg,200,200,RGB
train,inclusion,inclusion_222.jpg,200,200,RGB
train,inclusion,inclusion_223.jpg,200,200,RGB
train,inclusion,inclusion_224.jpg,200,200,RGB
train,inclusion,inclusion_225.jpg,200,200,RGB
train,inclusion,inclusion_226.jpg,200,200,RGB
train,inclusion,inclusion_227.jpg,200,200,RGB
train,inclusion,inclusion_228.jpg,200,200,RGB
train,inclusion,inclusion_229.jpg,200,200,RGB
train,inclusion,inclusion_23.jpg,200,200,RGB
train,inclusion,inclusion_230.jpg,200,200,RGB
train,inclusion,inclusion_231.jpg,200,200,RGB
train,inclusion,inclusion_232.jpg,200,200,RGB
train,inclusion,inclusion_233.jpg,200,200,RGB
train,inclusion,inclusion_234.jpg,200,200,RGB
train,inclusion,inclusion_235.jpg,200,200,RGB
train,inclusion,inclusion_236.jpg,200,200,RGB
train,inclusion,inclusion_237.jpg,200,200,RGB
train,inclusion,inclusion_238.jpg,200,200,RGB
train,inclusion,inclusion_239.jpg,200,200,RGB
train,inclusion,inclusion_24.jpg,200,200,RGB
train,inclusion,inclusion_240.jpg,200,200,RGB
train,inclusion,inclusion_25.jpg,200,200,RGB
train,inclusion,inclusion_26.jpg,200,200,RGB
train,inclusion,inclusion_27.jpg,200,200,RGB
train,inclusion,inclusion_28.jpg,200,200,RGB
train,inclusion,inclusion_29.jpg,200,200,RGB
train,inclusion,inclusion_3.jpg,200,200,RGB
train,inclusion,inclusion_30.jpg,200,200,RGB
train,inclusion,inclusion_31.jpg,200,200,RGB
train,inclusion,inclusion_32.jpg,200,200,RGB
train,inclusion,inclusion_33.jpg,200,200,RGB
train,inclusion,inclusion_34.jpg,200,200,RGB
train,inclusion,inclusion_35.jpg,200,200,RGB
train,inclusion,inclusion_36.jpg,200,200,RGB
train,inclusion,inclusion_37.jpg,200,200,RGB
train,inclusion,inclusion_38.jpg,200,200,RGB
train,inclusion,inclusion_39.jpg,200,200,RGB
train,inclusion,inclusion_4.jpg,200,200,RGB
train,inclusion,inclusion_40.jpg,200,200,RGB
train,inclusion,inclusion_41.jpg,200,200,RGB
train,inclusion,inclusion_42.jpg,200,200,RGB
train,inclusion,inclusion_43.jpg,200,200,RGB
train,inclusion,inclusion_44.jpg,200,200,RGB
train,inclusion,inclusion_45.jpg,200,200,RGB
train,inclusion,inclusion_46.jpg,200,200,RGB
train,inclusion,inclusion_47.jpg,200,200,RGB
train,inclusion,inclusion_48.jpg,200,200,RGB
train,inclusion,inclusion_49.jpg,200,200,RGB
train,inclusion,inclusion_5.jpg,200,200,RGB
train,inclusion,inclusion_50.jpg,200,200,RGB
train,inclusion,inclusion_51.jpg,200,200,RGB
train,inclusion,inclusion_52.jpg,200,200,RGB
train,inclusion,inclusion_53.jpg,200,200,RGB
train,inclusion,inclusion_54.jpg,200,200,RGB
train,inclusion,inclusion_55.jpg,200,200,RGB
train,inclusion,inclusion_56.jpg,200,200,RGB
train,inclusion,inclusion_57.jpg,200,200,RGB
train,inclusion,inclusion_58.jpg,200,200,RGB
train,inclusion,inclusion_59.jpg,200,200,RGB
train,inclusion,inclusion_6.jpg,200,200,RGB
train,inclusion,inclusion_60.jpg,200,200,RGB
train,inclusion,inclusion_61.jpg,200,200,RGB
train,inclusion,inclusion_62.jpg,200,200,RGB
train,inclusion,inclusion_63.jpg,200,200,RGB
train,inclusion,inclusion_64.jpg,200,200,RGB
train,inclusion,inclusion_65.jpg,200,200,RGB
train,inclusion,inclusion_66.jpg,200,200,RGB
train,inclusion,inclusion_67.jpg,200,200,RGB
train,inclusion,inclusion_68.jpg,200,200,RGB
train,inclusion,inclusion_69.jpg,200,200,RGB
train,inclusion,inclusion_7.jpg,200,200,RGB
train,inclusion,inclusion_70.jpg,200,200,RGB
train,inclusion,inclusion_71.jpg,200,200,RGB
train,inclusion,inclusion_72.jpg,200,200,RGB
train,inclusion,inclusion_73.jpg,200,200,RGB
train,inclusion,inclusion_74.jpg,200,200,RGB
train,inclusion,inclusion_75.jpg,200,200,RGB
train,inclusion,inclusion_76.jpg,200,200,RGB
train,inclusion,inclusion_77.jpg,200,200,RGB
train,inclusion,inclusion_78.jpg,200,200,RGB
train,inclusion,inclusion_79.jpg,200,200,RGB
train,inclusion,inclusion_8.jpg,200,200,RGB
train,inclusion,inclusion_80.jpg,200,200,RGB
train,inclusion,inclusion_81.jpg,200,200,RGB
train,inclusion,inclusion_82.jpg,200,200,RGB
train,inclusion,inclusion_83.jpg,200,200,RGB
train,inclusion,inclusion_84.jpg,200,200,RGB
train,inclusion,inclusion_85.jpg,200,200,RGB
train,inclusion,inclusion_86.jpg,200,200,RGB
train,inclusion,inclusion_87.jpg,200,200,RGB
train,inclusion,inclusion_88.jpg,200,200,RGB
train,inclusion,inclusion_89.jpg,200,200,RGB
train,inclusion,inclusion_9.jpg,200,200,RGB
train,inclusion,inclusion_90.jpg,200,200,RGB
train,inclusion,inclusion_91.jpg,200,200,RGB
train,inclusion,inclusion_92.jpg,200,200,RGB
train,inclusion,inclusion_93.jpg,200,200,RGB
train,inclusion,inclusion_94.jpg,200,200,RGB
train,inclusion,inclusion_95.jpg,200,200,RGB
train,inclusion,inclusion_96.jpg,200,200,RGB
train,inclusion,inclusion_97.jpg,200,200,RGB
train,inclusion,inclusion_98.jpg,200,200,RGB
train,inclusion,inclusion_99.jpg,200,200,RGB
train,patches,patches_1.jpg,200,200,RGB
train,patches,patches_10.jpg,200,200,RGB
train,patches,patches_100.jpg,200,200,RGB
train,patches,patches_101.jpg,200,200,RGB
train,patches,patches_102.jpg,200,200,RGB
train,patches,patches_103.jpg,200,200,RGB
train,patches,patches_104.jpg,200,200,RGB
train,patches,patches_105.jpg,200,200,RGB
train,patches,patches_106.jpg,200,200,RGB
train,patches,patches_107.jpg,200,200,RGB
train,patches,patches_108.jpg,200,200,RGB
train,patches,patches_109.jpg,200,200,RGB
train,patches,patches_11.jpg,200,200,RGB
train,patches,patches_110.jpg,200,200,RGB
train,patches,patches_111.jpg,200,200,RGB
train,patches,patches_112.jpg,200,200,RGB
train,patches,patches_113.jpg,200,200,RGB
train,patches,patches_114.jpg,200,200,RGB
train,patches,patches_115.jpg,200,200,RGB
train,patches,patches_116.jpg,200,200,RGB
train,patches,patches_117.jpg,200,200,RGB
train,patches,patches_118.jpg,200,200,RGB
train,patches,patches_119.jpg,200,200,RGB
train,patches,patches_12.jpg,200,200,RGB
train,patches,patches_120.jpg,200,200,RGB
train,patches,patches_121.jpg,200,200,RGB
train,patches,patches_122.jpg,200,200,RGB
train,patches,patches_123.jpg,200,200,RGB
train,patches,patches_124.jpg,200,200,RGB
train,patches,patches_125.jpg,200,200,RGB
train,patches,patches_126.jpg,200,200,RGB
train,patches,patches_127.jpg,200,200,RGB
train,patches,patches_128.jpg,200,200,RGB
train,patches,patches_129.jpg,200,200,RGB
train,patches,patches_13.jpg,200,200,RGB
train,patches,patches_130.jpg,200,200,RGB
train,patches,patches_131.jpg,200,200,RGB
train,patches,patches_132.jpg,200,200,RGB
train,patches,patches_133.jpg,200,200,RGB
train,patches,patches_134.jpg,200,200,RGB
train,patches,patches_135.jpg,200,200,RGB
train,patches,patches_136.jpg,200,200,RGB
train,patches,patches_137.jpg,200,200,RGB
train,patches,patches_138.jpg,200,200,RGB
train,patches,patches_139.jpg,200,200,RGB
train,patches,patches_14.jpg,200,200,RGB
train,patches,patches_140.jpg,200,200,RGB
train,patches,patches_141.jpg,200,200,RGB
train,patches,patches_142.jpg,200,200,RGB
train,patches,patches_143.jpg,200,200,RGB
train,patches,patches_144.jpg,200,200,RGB
train,patches,patches_145.jpg,200,200,RGB
train,patches,patches_146.jpg,200,200,RGB
train,patches,patches_147.jpg,200,200,RGB
train,patches,patches_148.jpg,200,200,RGB
train,patches,patches_149.jpg,200,200,RGB
train,patches,patches_15.jpg,200,200,RGB
train,patches,patches_150.jpg,200,200,RGB
train,patches,patches_151.jpg,200,200,RGB
train,patches,patches_152.jpg,200,200,RGB
train,patches,patches_153.jpg,200,200,RGB
train,patches,patches_154.jpg,200,200,RGB
train,patches,patches_155.jpg,200,200,RGB
train,patches,patches_156.jpg,200,200,RGB
train,patches,patches_157.jpg,200,200,RGB
train,patches,patches_158.jpg,200,200,RGB
train,patches,patches_159.jpg,200,200,RGB
train,patches,patches_16.jpg,200,200,RGB
train,patches,patches_160.jpg,200,200,RGB
train,patches,patches_161.jpg,200,200,RGB
train,patches,patches_162.jpg,200,200,RGB
train,patches,patches_163.jpg,200,200,RGB
train,patches,patches_164.jpg,200,200,RGB
train,patches,patches_165.jpg,200,200,RGB
train,patches,patches_166.jpg,200,200,RGB
train,patches,patches_167.jpg,200,200,RGB
train,patches,patches_168.jpg,200,200,RGB
train,patches,patches_169.jpg,200,200,RGB
train,patches,patches_17.jpg,200,200,RGB
train,patches,patches_170.jpg,200,200,RGB
train,patches,patches_171.jpg,200,200,RGB
train,patches,patches_172.jpg,200,200,RGB
train,patches,patches_173.jpg,200,200,RGB
train,patches,patches_174.jpg,200,200,RGB
train,patches,patches_175.jpg,200,200,RGB
train,patches,patches_176.jpg,200,200,RGB
train,patches,patches_177.jpg,200,200,RGB
train,patches,patches_178.jpg,200,200,RGB
train,patches,patches_179.jpg,200,200,RGB
train,patches,patches_18.jpg,200,200,RGB
train,patches,patches_180.jpg,200,200,RGB
train,patches,patches_181.jpg,200,200,RGB
train,patches,patches_182.jpg,200,200,RGB
train,patches,patches_183.jpg,200,200,RGB
train,patches,patches_184.jpg,200,200,RGB
train,patches,patches_185.jpg,200,200,RGB
train,patches,patches_186.jpg,200,200,RGB
train,patches,patches_187.jpg,200,200,RGB
train,patches,patches_188.jpg,200,200,RGB
train,patches,patches_189.jpg,200,200,RGB
train,patches,patches_19.jpg,200,200,RGB
train,patches,patches_190.jpg,200,200,RGB
train,patches,patches_191.jpg,200,200,RGB
train,patches,patches_192.jpg,200,200,RGB
train,patches,patches_193.jpg,200,200,RGB
train,patches,patches_194.jpg,200,200,RGB
train,patches,patches_195.jpg,200,200,RGB
train,patches,patches_196.jpg,200,200,RGB
train,patches,patches_197.jpg,200,200,RGB
train,patches,patches_198.jpg,200,200,RGB
train,patches,patches_199.jpg,200,200,RGB
train,patches,patches_2.jpg,200,200,RGB
train,patches,patches_20.jpg,200,200,RGB
train,patches,patches_200.jpg,200,200,RGB
train,patches,patches_201.jpg,200,200,RGB
train,patches,patches_202.jpg,200,200,RGB
train,patches,patches_203.jpg,200,200,RGB
train,patches,patches_204.jpg,200,200,RGB
train,patches,patches_205.jpg,200,200,RGB
train,patches,patches_206.jpg,200,200,RGB
train,patches,patches_207.jpg,200,200,RGB
train,patches,patches_208.jpg,200,200,RGB
train,patches,patches_209.jpg,200,200,RGB
train,patches,patches_21.jpg,200,200,RGB
train,patches,patches_210.jpg,200,200,RGB
train,patches,patches_211.jpg,200,200,RGB
train,patches,patches_212.jpg,200,200,RGB
train,patches,patches_213.jpg,200,200,RGB
train,patches,patches_214.jpg,200,200,RGB
train,patches,patches_215.jpg,200,200,RGB
train,patches,patches_216.jpg,200,200,RGB
train,patches,patches_217.jpg,200,200,RGB
train,patches,patches_218.jpg,200,200,RGB
train,patches,patches_219.jpg,200,200,RGB
train,patches,patches_22.jpg,200,200,RGB
train,patches,patches_220.jpg,200,200,RGB
train,patches,patches_221.jpg,200,200,RGB
train,patches,patches_222.jpg,200,200,RGB
train,patches,patches_223.jpg,200,200,RGB
train,patches,patches_224.jpg,200,200,RGB
train,patches,patches_225.jpg,200,200,RGB
train,patches,patches_226.jpg,200,200,RGB
train,patches,patches_227.jpg,200,200,RGB
train,patches,patches_228.jpg,200,200,RGB
train,patches,patches_229.jpg,200,200,RGB
train,patches,patches_23.jpg,200,200,RGB
train,patches,patches_230.jpg,200,200,RGB
train,patches,patches_231.jpg,200,200,RGB
train,patches,patches_232.jpg,200,200,RGB
train,patches,patches_233.jpg,200,200,RGB
train,patches,patches_234.jpg,200,200,RGB
train,patches,patches_235.jpg,200,200,RGB
train,patches,patches_236.jpg,200,200,RGB
train,patches,patches_237.jpg,200,200,RGB
train,patches,patches_238.jpg,200,200,RGB
train,patches,patches_239.jpg,200,200,RGB
train,patches,patches_24.jpg,200,200,RGB
train,patches,patches_240.jpg,200,200,RGB
train,patches,patches_25.jpg,200,200,RGB
train,patches,patches_26.jpg,200,200,RGB
train,patches,patches_27.jpg,200,200,RGB
train,patches,patches_28.jpg,200,200,RGB
train,patches,patches_29.jpg,200,200,RGB
train,patches,patches_3.jpg,200,200,RGB
train,patches,patches_30.jpg,200,200,RGB
train,patches,patches_31.jpg,200,200,RGB
train,patches,patches_32.jpg,200,200,RGB
train,patches,patches_33.jpg,200,200,RGB
train,patches,patches_34.jpg,200,200,RGB
train,patches,patches_35.jpg,200,200,RGB
train,patches,patches_36.jpg,200,200,RGB
train,patches,patches_37.jpg,200,200,RGB
train,patches,patches_38.jpg,200,200,RGB
train,patches,patches_39.jpg,200,200,RGB
train,patches,patches_4.jpg,200,200,RGB
train,patches,patches_40.jpg,200,200,RGB
train,patches,patches_41.jpg,200,200,RGB
train,patches,patches_42.jpg,200,200,RGB
train,patches,patches_43.jpg,200,200,RGB
train,patches,patches_44.jpg,200,200,RGB
train,patches,patches_45.jpg,200,200,RGB
train,patches,patches_46.jpg,200,200,RGB
train,patches,patches_47.jpg,200,200,RGB
train,patches,patches_48.jpg,200,200,RGB
train,patches,patches_49.jpg,200,200,RGB
train,patches,patches_5.jpg,200,200,RGB
train,patches,patches_50.jpg,200,200,RGB
train,patches,patches_51.jpg,200,200,RGB
train,patches,patches_52.jpg,200,200,RGB
train,patches,patches_53.jpg,200,200,RGB
train,patches,patches_54.jpg,200,200,RGB
train,patches,patches_55.jpg,200,200,RGB
train,patches,patches_56.jpg,200,200,RGB
train,patches,patches_57.jpg,200,200,RGB
train,patches,patches_58.jpg,200,200,RGB
train,patches,patches_59.jpg,200,200,RGB
train,patches,patches_6.jpg,200,200,RGB
train,patches,patches_60.jpg,200,200,RGB
train,patches,patches_61.jpg,200,200,RGB
train,patches,patches_62.jpg,200,200,RGB
train,patches,patches_63.jpg,200,200,RGB
train,patches,patches_64.jpg,200,200,RGB
train,patches,patches_65.jpg,200,200,RGB
train,patches,patches_66.jpg,200,200,RGB
train,patches,patches_67.jpg,200,200,RGB
train,patches,patches_68.jpg,200,200,RGB
train,patches,patches_69.jpg,200,200,RGB
train,patches,patches_7.jpg,200,200,RGB
train,patches,patches_70.jpg,200,200,RGB
train,patches,patches_71.jpg,200,200,RGB
train,patches,patches_72.jpg,200,200,RGB
train,patches,patches_73.jpg,200,200,RGB
train,patches,patches_74.jpg,200,200,RGB
train,patches,patches_75.jpg,200,200,RGB
train,patches,patches_76.jpg,200,200,RGB
train,patches,patches_77.jpg,200,200,RGB
train,patches,patches_78.jpg,200,200,RGB
train,patches,patches_79.jpg,200,200,RGB
train,patches,patches_8.jpg,200,200,RGB
train,patches,patches_80.jpg,200,200,RGB
train,patches,patches_81.jpg,200,200,RGB
train,patches,patches_82.jpg,200,200,RGB
train,patches,patches_83.jpg,200,200,RGB
train,patches,patches_84.jpg,200,200,RGB
train,patches,patches_85.jpg,200,200,RGB
train,patches,patches_86.jpg,200,200,RGB
train,patches,patches_87.jpg,200,200,RGB
train,patches,patches_88.jpg,200,200,RGB
train,patches,patches_89.jpg,200,200,RGB
train,patches,patches_9.jpg,200,200,RGB
train,patches,patches_90.jpg,200,200,RGB
train,patches,patches_91.jpg,200,200,RGB
train,patches,patches_92.jpg,200,200,RGB
train,patches,patches_93.jpg,200,200,RGB
train,patches,patches_94.jpg,200,200,RGB
train,patches,patches_95.jpg,200,200,RGB
train,patches,patches_96.jpg,200,200,RGB
train,patches,patches_97.jpg,200,200,RGB
train,patches,patches_98.jpg,200,200,RGB
train,patches,patches_99.jpg,200,200,RGB
train,pitted_surface,pitted_surface_1.jpg,200,200,RGB
train,pitted_surface,pitted_surface_10.jpg,200,200,RGB
train,pitted_surface,pitted_surface_100.jpg,200,200,RGB
train,pitted_surface,pitted_surface_101.jpg,200,200,RGB
train,pitted_surface,pitted_surface_102.jpg,200,200,RGB
train,pitted_surface,pitted_surface_103.jpg,200,200,RGB
train,pitted_surface,pitted_surface_104.jpg,200,200,RGB
train,pitted_surface,pitted_surface_105.jpg,200,200,RGB
train,pitted_surface,pitted_surface_106.jpg,200,200,RGB
train,pitted_surface,pitted_surface_107.jpg,200,200,RGB
train,pitted_surface,pitted_surface_108.jpg,200,200,RGB
train,pitted_surface,pitted_surface_109.jpg,200,200,RGB
train,pitted_surface,pitted_surface_11.jpg,200,200,RGB
train,pitted_surface,pitted_surface_110.jpg,200,200,RGB
train,pitted_surface,pitted_surface_111.jpg,200,200,RGB
train,pitted_surface,pitted_surface_112.jpg,200,200,RGB
train,pitted_surface,pitted_surface_113.jpg,200,200,RGB
train,pitted_surface,pitted_surface_114.jpg,200,200,RGB
train,pitted_surface,pitted_surface_115.jpg,200,200,RGB
train,pitted_surface,pitted_surface_116.jpg,200,200,RGB
train,pitted_surface,pitted_surface_117.jpg,200,200,RGB
train,pitted_surface,pitted_surface_118.jpg,200,200,RGB
train,pitted_surface,pitted_surface_119.jpg,200,200,RGB
train,pitted_surface,pitted_surface_12.jpg,200,200,RGB
train,pitted_surface,pitted_surface_120.jpg,200,200,RGB
train,pitted_surface,pitted_surface_121.jpg,200,200,RGB
train,pitted_surface,pitted_surface_122.jpg,200,200,RGB
train,pitted_surface,pitted_surface_123.jpg,200,200,RGB
train,pitted_surface,pitted_surface_124.jpg,200,200,RGB
train,pitted_surface,pitted_surface_125.jpg,200,200,RGB
train,pitted_surface,pitted_surface_126.jpg,200,200,RGB
train,pitted_surface,pitted_surface_127.jpg,200,200,RGB
train,pitted_surface,pitted_surface_128.jpg,200,200,RGB
train,pitted_surface,pitted_surface_129.jpg,200,200,RGB
train,pitted_surface,pitted_surface_13.jpg,200,200,RGB
train,pitted_surface,pitted_surface_130.jpg,200,200,RGB
train,pitted_surface,pitted_surface_131.jpg,200,200,RGB
train,pitted_surface,pitted_surface_132.jpg,200,200,RGB
train,pitted_surface,pitted_surface_133.jpg,200,200,RGB
train,pitted_surface,pitted_surface_134.jpg,200,200,RGB
train,pitted_surface,pitted_surface_135.jpg,200,200,RGB
train,pitted_surface,pitted_surface_136.jpg,200,200,RGB
train,pitted_surface,pitted_surface_137.jpg,200,200,RGB
train,pitted_surface,pitted_surface_138.jpg,200,200,RGB
train,pitted_surface,pitted_surface_139.jpg,200,200,RGB
train,pitted_surface,pitted_surface_14.jpg,200,200,RGB
train,pitted_surface,pitted_surface_140.jpg,200,200,RGB
train,pitted_surface,pitted_surface_141.jpg,200,200,RGB
train,pitted_surface,pitted_surface_142.jpg,200,200,RGB
train,pitted_surface,pitted_surface_143.jpg,200,200,RGB
train,pitted_surface,pitted_surface_144.jpg,200,200,RGB
train,pitted_surface,pitted_surface_145.jpg,200,200,RGB
train,pitted_surface,pitted_surface_146.jpg,200,200,RGB
train,pitted_surface,pitted_surface_147.jpg,200,200,RGB
train,pitted_surface,pitted_surface_148.jpg,200,200,RGB
train,pitted_surface,pitted_surface_149.jpg,200,200,RGB
train,pitted_surface,pitted_surface_15.jpg,200,200,RGB
train,pitted_surface,pitted_surface_150.jpg,200,200,RGB
train,pitted_surface,pitted_surface_151.jpg,200,200,RGB
train,pitted_surface,pitted_surface_152.jpg,200,200,RGB
train,pitted_surface,pitted_surface_153.jpg,200,200,RGB
train,pitted_surface,pitted_surface_154.jpg,200,200,RGB
train,pitted_surface,pitted_surface_155.jpg,200,200,RGB
train,pitted_surface,pitted_surface_156.jpg,200,200,RGB
train,pitted_surface,pitted_surface_157.jpg,200,200,RGB
train,pitted_surface,pitted_surface_158.jpg,200,200,RGB
train,pitted_surface,pitted_surface_159.jpg,200,200,RGB
train,pitted_surface,pitted_surface_16.jpg,200,200,RGB
train,pitted_surface,pitted_surface_160.jpg,200,200,RGB
train,pitted_surface,pitted_surface_161.jpg,200,200,RGB
train,pitted_surface,pitted_surface_162.jpg,200,200,RGB
train,pitted_surface,pitted_surface_163.jpg,200,200,RGB
train,pitted_surface,pitted_surface_164.jpg,200,200,RGB
train,pitted_surface,pitted_surface_165.jpg,200,200,RGB
train,pitted_surface,pitted_surface_166.jpg,200,200,RGB
train,pitted_surface,pitted_surface_167.jpg,200,200,RGB
train,pitted_surface,pitted_surface_168.jpg,200,200,RGB
train,pitted_surface,pitted_surface_169.jpg,200,200,RGB
train,pitted_surface,pitted_surface_17.jpg,200,200,RGB
train,pitted_surface,pitted_surface_170.jpg,200,200,RGB
train,pitted_surface,pitted_surface_171.jpg,200,200,RGB
train,pitted_surface,pitted_surface_172.jpg,200,200,RGB
train,pitted_surface,pitted_surface_173.jpg,200,200,RGB
train,pitted_surface,pitted_surface_174.jpg,200,200,RGB
train,pitted_surface,pitted_surface_175.jpg,200,200,RGB
train,pitted_surface,pitted_surface_176.jpg,200,200,RGB
train,pitted_surface,pitted_surface_177.jpg,200,200,RGB
train,pitted_surface,pitted_surface_178.jpg,200,200,RGB
train,pitted_surface,pitted_surface_179.jpg,200,200,RGB
train,pitted_surface,pitted_surface_18.jpg,200,200,RGB
train,pitted_surface,pitted_surface_180.jpg,200,200,RGB
train,pitted_surface,pitted_surface_181.jpg,200,200,RGB
train,pitted_surface,pitted_surface_182.jpg,200,200,RGB
train,pitted_surface,pitted_surface_183.jpg,200,200,RGB
train,pitted_surface,pitted_surface_184.jpg,200,200,RGB
train,pitted_surface,pitted_surface_185.jpg,200,200,RGB
train,pitted_surface,pitted_surface_186.jpg,200,200,RGB
train,pitted_surface,pitted_surface_187.jpg,200,200,RGB
train,pitted_surface,pitted_surface_188.jpg,200,200,RGB
train,pitted_surface,pitted_surface_189.jpg,200,200,RGB
train,pitted_surface,pitted_surface_19.jpg,200,200,RGB
train,pitted_surface,pitted_surface_190.jpg,200,200,RGB
train,pitted_surface,pitted_surface_191.jpg,200,200,RGB
train,pitted_surface,pitted_surface_192.jpg,200,200,RGB
train,pitted_surface,pitted_surface_193.jpg,200,200,RGB
train,pitted_surface,pitted_surface_194.jpg,200,200,RGB
train,pitted_surface,pitted_surface_195.jpg,200,200,RGB
train,pitted_surface,pitted_surface_196.jpg,200,200,RGB
train,pitted_surface,pitted_surface_197.jpg,200,200,RGB
train,pitted_surface,pitted_surface_198.jpg,200,200,RGB
train,pitted_surface,pitted_surface_199.jpg,200,200,RGB
train,pitted_surface,pitted_surface_2.jpg,200,200,RGB
train,pitted_surface,pitted_surface_20.jpg,200,200,RGB
train,pitted_surface,pitted_surface_200.jpg,200,200,RGB
train,pitted_surface,pitted_surface_201.jpg,200,200,RGB
train,pitted_surface,pitted_surface_202.jpg,200,200,RGB
train,pitted_surface,pitted_surface_203.jpg,200,200,RGB
train,pitted_surface,pitted_surface_204.jpg,200,200,RGB
train,pitted_surface,pitted_surface_205.jpg,200,200,RGB
train,pitted_surface,pitted_surface_206.jpg,200,200,RGB
train,pitted_surface,pitted_surface_207.jpg,200,200,RGB
train,pitted_surface,pitted_surface_208.jpg,200,200,RGB
train,pitted_surface,pitted_surface_209.jpg,200,200,RGB
train,pitted_surface,pitted_surface_21.jpg,200,200,RGB
train,pitted_surface,pitted_surface_210.jpg,200,200,RGB
train,pitted_surface,pitted_surface_211.jpg,200,200,RGB
train,pitted_surface,pitted_surface_212.jpg,200,200,RGB
train,pitted_surface,pitted_surface_213.jpg,200,200,RGB
train,pitted_surface,pitted_surface_214.jpg,200,200,RGB
train,pitted_surface,pitted_surface_215.jpg,200,200,RGB
train,pitted_surface,pitted_surface_216.jpg,200,200,RGB
train,pitted_surface,pitted_surface_217.jpg,200,200,RGB
train,pitted_surface,pitted_surface_218.jpg,200,200,RGB
train,pitted_surface,pitted_surface_219.jpg,200,200,RGB
train,pitted_surface,pitted_surface_22.jpg,200,200,RGB
train,pitted_surface,pitted_surface_220.jpg,200,200,RGB
train,pitted_surface,pitted_surface_221.jpg,200,200,RGB
train,pitted_surface,pitted_surface_222.jpg,200,200,RGB
train,pitted_surface,pitted_surface_223.jpg,200,200,RGB
train,pitted_surface,pitted_surface_224.jpg,200,200,RGB
train,pitted_surface,pitted_surface_225.jpg,200,200,RGB
train,pitted_surface,pitted_surface_226.jpg,200,200,RGB
train,pitted_surface,pitted_surface_227.jpg,200,200,RGB
train,pitted_surface,pitted_surface_228.jpg,200,200,RGB
train,pitted_surface,pitted_surface_229.jpg,200,200,RGB
train,pitted_surface,pitted_surface_23.jpg,200,200,RGB
train,pitted_surface,pitted_surface_230.jpg,200,200,RGB
train,pitted_surface,pitted_surface_231.jpg,200,200,RGB
train,pitted_surface,pitted_surface_232.jpg,200,200,RGB
train,pitted_surface,pitted_surface_233.jpg,200,200,RGB
train,pitted_surface,pitted_surface_234.jpg,200,200,RGB
train,pitted_surface,pitted_surface_235.jpg,200,200,RGB
train,pitted_surface,pitted_surface_236.jpg,200,200,RGB
train,pitted_surface,pitted_surface_237.jpg,200,200,RGB
train,pitted_surface,pitted_surface_238.jpg,200,200,RGB
train,pitted_surface,pitted_surface_239.jpg,200,200,RGB
train,pitted_surface,pitted_surface_24.jpg,200,200,RGB
train,pitted_surface,pitted_surface_240.jpg,200,200,RGB
train,pitted_surface,pitted_surface_25.jpg,200,200,RGB
train,pitted_surface,pitted_surface_26.jpg,200,200,RGB
train,pitted_surface,pitted_surface_27.jpg,200,200,RGB
train,pitted_surface,pitted_surface_28.jpg,200,200,RGB
train,pitted_surface,pitted_surface_29.jpg,200,200,RGB
train,pitted_surface,pitted_surface_3.jpg,200,200,RGB
train,pitted_surface,pitted_surface_30.jpg,200,200,RGB
train,pitted_surface,pitted_surface_31.jpg,200,200,RGB
train,pitted_surface,pitted_surface_32.jpg,200,200,RGB
train,pitted_surface,pitted_surface_33.jpg,200,200,RGB
train,pitted_surface,pitted_surface_34.jpg,200,200,RGB
train,pitted_surface,pitted_surface_35.jpg,200,200,RGB
train,pitted_surface,pitted_surface_36.jpg,200,200,RGB
train,pitted_surface,pitted_surface_37.jpg,200,200,RGB
train,pitted_surface,pitted_surface_38.jpg,200,200,RGB
train,pitted_surface,pitted_surface_39.jpg,200,200,RGB
train,pitted_surface,pitted_surface_4.jpg,200,200,RGB
train,pitted_surface,pitted_surface_40.jpg,200,200,RGB
train,pitted_surface,pitted_surface_41.jpg,200,200,RGB
train,pitted_surface,pitted_surface_42.jpg,200,200,RGB
train,pitted_surface,pitted_surface_43.jpg,200,200,RGB
train,pitted_surface,pitted_surface_44.jpg,200,200,RGB
train,pitted_surface,pitted_surface_45.jpg,200,200,RGB
train,pitted_surface,pitted_surface_46.jpg,200,200,RGB
train,pitted_surface,pitted_surface_47.jpg,200,200,RGB
train,pitted_surface,pitted_surface_48.jpg,200,200,RGB
train,pitted_surface,pitted_surface_49.jpg,200,200,RGB
train,pitted_surface,pitted_surface_5.jpg,200,200,RGB
train,pitted_surface,pitted_surface_50.jpg,200,200,RGB
train,pitted_surface,pitted_surface_51.jpg,200,200,RGB
train,pitted_surface,pitted_surface_52.jpg,200,200,RGB
train,pitted_surface,pitted_surface_53.jpg,200,200,RGB
train,pitted_surface,pitted_surface_54.jpg,200,200,RGB
train,pitted_surface,pitted_surface_55.jpg,200,200,RGB
train,pitted_surface,pitted_surface_56.jpg,200,200,RGB
train,pitted_surface,pitted_surface_57.jpg,200,200,RGB
train,pitted_surface,pitted_surface_58.jpg,200,200,RGB
train,pitted_surface,pitted_surface_59.jpg,200,200,RGB
train,pitted_surface,pitted_surface_6.jpg,200,200,RGB
train,pitted_surface,pitted_surface_60.jpg,200,200,RGB
train,pitted_surface,pitted_surface_61.jpg,200,200,RGB
train,pitted_surface,pitted_surface_62.jpg,200,200,RGB
train,pitted_surface,pitted_surface_63.jpg,200,200,RGB
train,pitted_surface,pitted_surface_64.jpg,200,200,RGB
train,pitted_surface,pitted_surface_65.jpg,200,200,RGB
train,pitted_surface,pitted_surface_66.jpg,200,200,RGB
train,pitted_surface,pitted_surface_67.jpg,200,200,RGB
train,pitted_surface,pitted_surface_68.jpg,200,200,RGB
train,pitted_surface,pitted_surface_69.jpg,200,200,RGB
train,pitted_surface,pitted_surface_7.jpg,200,200,RGB
train,pitted_surface,pitted_surface_70.jpg,200,200,RGB
train,pitted_surface,pitted_surface_71.jpg,200,200,RGB
train,pitted_surface,pitted_surface_72.jpg,200,200,RGB
train,pitted_surface,pitted_surface_73.jpg,200,200,RGB
train,pitted_surface,pitted_surface_74.jpg,200,200,RGB
train,pitted_surface,pitted_surface_75.jpg,200,200,RGB
train,pitted_surface,pitted_surface_76.jpg,200,200,RGB
train,pitted_surface,pitted_surface_77.jpg,200,200,RGB
train,pitted_surface,pitted_surface_78.jpg,200,200,RGB
train,pitted_surface,pitted_surface_79.jpg,200,200,RGB
train,pitted_surface,pitted_surface_8.jpg,200,200,RGB
train,pitted_surface,pitted_surface_80.jpg,200,200,RGB
train,pitted_surface,pitted_surface_81.jpg,200,200,RGB
train,pitted_surface,pitted_surface_82.jpg,200,200,RGB
train,pitted_surface,pitted_surface_83.jpg,200,200,RGB
train,pitted_surface,pitted_surface_84.jpg,200,200,RGB
train,pitted_surface,pitted_surface_85.jpg,200,200,RGB
train,pitted_surface,pitted_surface_86.jpg,200,200,RGB
train,pitted_surface,pitted_surface_87.jpg,200,200,RGB
train,pitted_surface,pitted_surface_88.jpg,200,200,RGB
train,pitted_surface,pitted_surface_89.jpg,200,200,RGB
train,pitted_surface,pitted_surface_9.jpg,200,200,RGB
train,pitted_surface,pitted_surface_90.jpg,200,200,RGB
train,pitted_surface,pitted_surface_91.jpg,200,200,RGB
train,pitted_surface,pitted_surface_92.jpg,200,200,RGB
train,pitted_surface,pitted_surface_93.jpg,200,200,RGB
train,pitted_surface,pitted_surface_94.jpg,200,200,RGB
train,pitted_surface,pitted_surface_95.jpg,200,200,RGB
train,pitted_surface,pitted_surface_96.jpg,200,200,RGB
train,pitted_surface,pitted_surface_97.jpg,200,200,RGB
train,pitted_surface,pitted_surface_98.jpg,200,200,RGB
train,pitted_surface,pitted_surface_99.jpg,200,200,RGB
train,rolled-in_scale,rolled-in_scale_1.jpg,200,200,RGB
train,rolled-in_scale,rolled-in_scale_10.jpg,200,200,RGB
train,rolled-in_scale,rolled-in_scale_100.jpg,200,200,RGB
train,rolled-in_scale,rolled-in_scale_101.jpg,200,200,RGB
train,rolled-in_scale,rolled-in_scale_102.jpg,200,200,RGB
train,rolled-in_scale,rolled-in_scale_103.jpg,200,200,RGB
train,rolled-in_scale,rolled-in_scale_104.jpg,200,200,RGB
train,rolled-in_scale,rolled-in_scale_105.jpg,200,200,RGB
train,rolled-in_scale,rolled-in_scale_106.jpg,200,200,RGB
train,rolled-in_scale,rolled-in_scale_107.jpg,200,200,RGB
train,rolled-in_scale,rolled-in_scale_108.jpg,200,200,RGB
train,rolled-in_scale,rolled-in_scale_109.jpg,200,200,RGB
train,rolled-in_scale,rolled-in_scale_11.jpg,200,200,RGB
train,rolled-in_scale,rolled-in_scale_110.jpg,200,200,RGB
train,rolled-in_scale,rolled-in_scale_111.jpg,200,200,RGB
train,rolled-in_scale,rolled-in_scale_112.jpg,200,200,RGB
train,rolled-in_scale,rolled-in_scale_113.jpg,200,200,RGB
train,rolled-in_scale,rolled-in_scale_114.jpg,200,200,RGB
train,rolled-in_scale,rolled-in_scale_115.jpg,200,200,RGB
train,rolled-in_scale,rolled-in_scale_116.jpg,200,200,RGB
train,rolled-in_scale,rolled-in_scale_117.jpg,200,200,RGB
train,rolled-in_scale,rolled-in_scale_118.jpg,200,200,RGB
train,rolled-in_scale,rolled-in_scale_119.jpg,200,200,RGB
train,rolled-in_scale,rolled-in_scale_12.jpg,200,200,RGB
train,rolled-in_scale,rolled-in_scale_120.jpg,200,200,RGB
train,rolled-in_scale,rolled-in_scale_121.jpg,200,200,RGB
train,rolled-in_scale,rolled-in_scale_122.jpg,200,200,RGB
train,rolled-in_scale,rolled-in_scale_123.jpg,200,200,RGB
train,rolled-in_scale,rolled-in_scale_124.jpg,200,200,RGB
train,rolled-in_scale,rolled-in_scale_125.jpg,200,200,RGB
train,rolled-in_scale,rolled-in_scale_126.jpg,200,200,RGB
train,rolled-in_scale,rolled-in_scale_127.jpg,200,200,RGB
train,rolled-in_scale,rolled-in_scale_128.jpg,200,200,RGB
train,rolled-in_scale,rolled-in_scale_129.jpg,200,200,RGB
train,rolled-in_scale,rolled-in_scale_13.jpg,200,200,RGB
train,rolled-in_scale,rolled-in_scale_130.jpg,200,200,RGB
train,rolled-in_scale,rolled-in_scale_131.jpg,200,200,RGB
train,rolled-in_scale,rolled-in_scale_132.jpg,200,200,RGB
train,rolled-in_scale,rolled-in_scale_133.jpg,200,200,RGB
train,rolled-in_scale,rolled-in_scale_134.jpg,200,200,RGB
train,rolled-in_scale,rolled-in_scale_135.jpg,200,200,RGB
train,rolled-in_scale,rolled-in_scale_136.jpg,200,200,RGB
train,rolled-in_scale,rolled-in_scale_137.jpg,200,200,RGB
train,rolled-in_scale,rolled-in_scale_138.jpg,200,200,RGB
train,rolled-in_scale,rolled-in_scale_139.jpg,200,200,RGB
train,rolled-in_scale,rolled-in_scale_14.jpg,200,200,RGB
train,rolled-in_scale,rolled-in_scale_140.jpg,200,200,RGB
train,rolled-in_scale,rolled-in_scale_141.jpg,200,200,RGB
train,rolled-in_scale,rolled-in_scale_142.jpg,200,200,RGB
train,rolled-in_scale,rolled-in_scale_143.jpg,200,200,RGB
train,rolled-in_scale,rolled-in_scale_144.jpg,200,200,RGB
train,rolled-in_scale,rolled-in_scale_145.jpg,200,200,RGB
train,rolled-in_scale,rolled-in_scale_146.jpg,200,200,RGB
train,rolled-in_scale,rolled-in_scale_147.jpg,200,200,RGB
train,rolled-in_scale,rolled-in_scale_148.jpg,200,200,RGB
train,rolled-in_scale,rolled-in_scale_149.jpg,200,200,RGB
train,rolled-in_scale,rolled-in_scale_15.jpg,200,200,RGB
train,rolled-in_scale,rolled-in_scale_150.jpg,200,200,RGB
train,rolled-in_scale,rolled-in_scale_151.jpg,200,200,RGB
train,rolled-in_scale,rolled-in_scale_152.jpg,200,200,RGB
train,rolled-in_scale,rolled-in_scale_153.jpg,200,200,RGB
train,rolled-in_scale,rolled-in_scale_154.jpg,200,200,RGB
train,rolled-in_scale,rolled-in_scale_155.jpg,200,200,RGB
train,rolled-in_scale,rolled-in_scale_156.jpg,200,200,RGB
train,rolled-in_scale,rolled-in_scale_157.jpg,200,200,RGB
train,rolled-in_scale,rolled-in_scale_158.jpg,200,200,RGB
train,rolled-in_scale,rolled-in_scale_159.jpg,200,200,RGB
train,rolled-in_scale,rolled-in_scale_16.jpg,200,200,RGB
train,rolled-in_scale,rolled-in_scale_160.jpg,200,200,RGB
train,rolled-in_scale,rolled-in_scale_161.jpg,200,200,RGB
train,rolled-in_scale,rolled-in_scale_162.jpg,200,200,RGB
train,rolled-in_scale,rolled-in_scale_163.jpg,200,200,RGB
train,rolled-in_scale,rolled-in_scale_164.jpg,200,200,RGB
train,rolled-in_scale,rolled-in_scale_165.jpg,200,200,RGB
train,rolled-in_scale,rolled-in_scale_166.jpg,200,200,RGB
train,rolled-in_scale,rolled-in_scale_167.jpg,200,200,RGB
train,rolled-in_scale,rolled-in_scale_168.jpg,200,200,RGB
train,rolled-in_scale,rolled-in_scale_169.jpg,200,200,RGB
train,rolled-in_scale,rolled-in_scale_17.jpg,200,200,RGB
train,rolled-in_scale,rolled-in_scale_170.jpg,200,200,RGB
train,rolled-in_scale,rolled-in_scale_171.jpg,200,200,RGB
train,rolled-in_scale,rolled-in_scale_172.jpg,200,200,RGB
train,rolled-in_scale,rolled-in_scale_173.jpg,200,200,RGB
train,rolled-in_scale,rolled-in_scale_174.jpg,200,200,RGB
train,rolled-in_scale,rolled-in_scale_175.jpg,200,200,RGB
train,rolled-in_scale,rolled-in_scale_176.jpg,200,200,RGB
train,rolled-in_scale,rolled-in_scale_177.jpg,200,200,RGB
train,rolled-in_scale,rolled-in_scale_178.jpg,200,200,RGB
train,rolled-in_scale,rolled-in_scale_179.jpg,200,200,RGB
train,rolled-in_scale,rolled-in_scale_18.jpg,200,200,RGB
train,rolled-in_scale,rolled-in_scale_180.jpg,200,200,RGB
train,rolled-in_scale,rolled-in_scale_181.jpg,200,200,RGB
train,rolled-in_scale,rolled-in_scale_182.jpg,200,200,RGB
train,rolled-in_scale,rolled-in_scale_183.jpg,200,200,RGB
train,rolled-in_scale,rolled-in_scale_184.jpg,200,200,RGB
train,rolled-in_scale,rolled-in_scale_185.jpg,200,200,RGB
train,rolled-in_scale,rolled-in_scale_186.jpg,200,200,RGB
train,rolled-in_scale,rolled-in_scale_187.jpg,200,200,RGB
train,rolled-in_scale,rolled-in_scale_188.jpg,200,200,RGB
train,rolled-in_scale,rolled-in_scale_189.jpg,200,200,RGB
train,rolled-in_scale,rolled-in_scale_19.jpg,200,200,RGB
train,rolled-in_scale,rolled-in_scale_190.jpg,200,200,RGB
train,rolled-in_scale,rolled-in_scale_191.jpg,200,200,RGB
train,rolled-in_scale,rolled-in_scale_192.jpg,200,200,RGB
train,rolled-in_scale,rolled-in_scale_193.jpg,200,200,RGB
train,rolled-in_scale,rolled-in_scale_194.jpg,200,200,RGB
train,rolled-in_scale,rolled-in_scale_195.jpg,200,200,RGB
train,rolled-in_scale,rolled-in_scale_196.jpg,200,200,RGB
train,rolled-in_scale,rolled-in_scale_197.jpg,200,200,RGB
train,rolled-in_scale,rolled-in_scale_198.jpg,200,200,RGB
train,rolled-in_scale,rolled-in_scale_199.jpg,200,200,RGB
train,rolled-in_scale,rolled-in_scale_2.jpg,200,200,RGB
train,rolled-in_scale,rolled-in_scale_20.jpg,200,200,RGB
train,rolled-in_scale,rolled-in_scale_200.jpg,200,200,RGB
train,rolled-in_scale,rolled-in_scale_201.jpg,200,200,RGB
train,rolled-in_scale,rolled-in_scale_202.jpg,200,200,RGB
train,rolled-in_scale,rolled-in_scale_203.jpg,200,200,RGB
train,rolled-in_scale,rolled-in_scale_204.jpg,200,200,RGB
train,rolled-in_scale,rolled-in_scale_205.jpg,200,200,RGB
train,rolled-in_scale,rolled-in_scale_206.jpg,200,200,RGB
train,rolled-in_scale,rolled-in_scale_207.jpg,200,200,RGB
train,rolled-in_scale,rolled-in_scale_208.jpg,200,200,RGB
train,rolled-in_scale,rolled-in_scale_209.jpg,200,200,RGB
train,rolled-in_scale,rolled-in_scale_21.jpg,200,200,RGB
train,rolled-in_scale,rolled-in_scale_210.jpg,200,200,RGB
train,rolled-in_scale,rolled-in_scale_211.jpg,200,200,RGB
train,rolled-in_scale,rolled-in_scale_212.jpg,200,200,RGB
train,rolled-in_scale,rolled-in_scale_213.jpg,200,200,RGB
train,rolled-in_scale,rolled-in_scale_214.jpg,200,200,RGB
train,rolled-in_scale,rolled-in_scale_215.jpg,200,200,RGB
train,rolled-in_scale,rolled-in_scale_216.jpg,200,200,RGB
train,rolled-in_scale,rolled-in_scale_217.jpg,200,200,RGB
train,rolled-in_scale,rolled-in_scale_218.jpg,200,200,RGB
train,rolled-in_scale,rolled-in_scale_219.jpg,200,200,RGB
train,rolled-in_scale,rolled-in_scale_22.jpg,200,200,RGB
train,rolled-in_scale,rolled-in_scale_220.jpg,200,200,RGB
train,rolled-in_scale,rolled-in_scale_221.jpg,200,200,RGB
train,rolled-in_scale,rolled-in_scale_222.jpg,200,200,RGB
train,rolled-in_scale,rolled-in_scale_223.jpg,200,200,RGB
train,rolled-in_scale,rolled-in_scale_224.jpg,200,200,RGB
train,rolled-in_scale,rolled-in_scale_225.jpg,200,200,RGB
train,rolled-in_scale,rolled-in_scale_226.jpg,200,200,RGB
train,rolled-in_scale,rolled-in_scale_227.jpg,200,200,RGB
train,rolled-in_scale,rolled-in_scale_228.jpg,200,200,RGB
train,rolled-in_scale,rolled-in_scale_229.jpg,200,200,RGB
train,rolled-in_scale,rolled-in_scale_23.jpg,200,200,RGB
train,rolled-in_scale,rolled-in_scale_230.jpg,200,200,RGB
train,rolled-in_scale,rolled-in_scale_231.jpg,200,200,RGB
train,rolled-in_scale,rolled-in_scale_232.jpg,200,200,RGB
train,rolled-in_scale,rolled-in_scale_233.jpg,200,200,RGB
train,rolled-in_scale,rolled-in_scale_234.jpg,200,200,RGB
train,rolled-in_scale,rolled-in_scale_235.jpg,200,200,RGB
train,rolled-in_scale,rolled-in_scale_236.jpg,200,200,RGB
train,rolled-in_scale,rolled-in_scale_237.jpg,200,200,RGB
train,rolled-in_scale,rolled-in_scale_238.jpg,200,200,RGB
train,rolled-in_scale,rolled-in_scale_239.jpg,200,200,RGB
train,rolled-in_scale,rolled-in_scale_24.jpg,200,200,RGB
train,rolled-in_scale,rolled-in_scale_240.jpg,200,200,RGB
train,rolled-in_scale,rolled-in_scale_25.jpg,200,200,RGB
train,rolled-in_scale,rolled-in_scale_26.jpg,200,200,RGB
train,rolled-in_scale,rolled-in_scale_27.jpg,200,200,RGB
train,rolled-in_scale,rolled-in_scale_28.jpg,200,200,RGB
train,rolled-in_scale,rolled-in_scale_29.jpg,200,200,RGB
train,rolled-in_scale,rolled-in_scale_3.jpg,200,200,RGB
train,rolled-in_scale,rolled-in_scale_30.jpg,200,200,RGB
train,rolled-in_scale,rolled-in_scale_31.jpg,200,200,RGB
train,rolled-in_scale,rolled-in_scale_32.jpg,200,200,RGB
train,rolled-in_scale,rolled-in_scale_33.jpg,200,200,RGB
train,rolled-in_scale,rolled-in_scale_34.jpg,200,200,RGB
train,rolled-in_scale,rolled-in_scale_35.jpg,200,200,RGB
train,rolled-in_scale,rolled-in_scale_36.jpg,200,200,RGB
train,rolled-in_scale,rolled-in_scale_37.jpg,200,200,RGB
train,rolled-in_scale,rolled-in_scale_38.jpg,200,200,RGB
train,rolled-in_scale,rolled-in_scale_39.jpg,200,200,RGB
train,rolled-in_scale,rolled-in_scale_4.jpg,200,200,RGB
train,rolled-in_scale,rolled-in_scale_40.jpg,200,200,RGB
train,rolled-in_scale,rolled-in_scale_41.jpg,200,200,RGB
train,rolled-in_scale,rolled-in_scale_42.jpg,200,200,RGB
train,rolled-in_scale,rolled-in_scale_43.jpg,200,200,RGB
train,rolled-in_scale,rolled-in_scale_44.jpg,200,200,RGB
train,rolled-in_scale,rolled-in_scale_45.jpg,200,200,RGB
train,rolled-in_scale,rolled-in_scale_46.jpg,200,200,RGB
train,rolled-in_scale,rolled-in_scale_47.jpg,200,200,RGB
train,rolled-in_scale,rolled-in_scale_48.jpg,200,200,RGB
train,rolled-in_scale,rolled-in_scale_49.jpg,200,200,RGB
train,rolled-in_scale,rolled-in_scale_5.jpg,200,200,RGB
train,rolled-in_scale,rolled-in_scale_50.jpg,200,200,RGB
train,rolled-in_scale,rolled-in_scale_51.jpg,200,200,RGB
train,rolled-in_scale,rolled-in_scale_52.jpg,200,200,RGB
train,rolled-in_scale,rolled-in_scale_53.jpg,200,200,RGB
train,rolled-in_scale,rolled-in_scale_54.jpg,200,200,RGB
train,rolled-in_scale,rolled-in_scale_55.jpg,200,200,RGB
train,rolled-in_scale,rolled-in_scale_56.jpg,200,200,RGB
train,rolled-in_scale,rolled-in_scale_57.jpg,200,200,RGB
train,rolled-in_scale,rolled-in_scale_58.jpg,200,200,RGB
train,rolled-in_scale,rolled-in_scale_59.jpg,200,200,RGB
train,rolled-in_scale,rolled-in_scale_6.jpg,200,200,RGB
train,rolled-in_scale,rolled-in_scale_60.jpg,200,200,RGB
train,rolled-in_scale,rolled-in_scale_61.jpg,200,200,RGB
train,rolled-in_scale,rolled-in_scale_62.jpg,200,200,RGB
train,rolled-in_scale,rolled-in_scale_63.jpg,200,200,RGB
train,rolled-in_scale,rolled-in_scale_64.jpg,200,200,RGB
train,rolled-in_scale,rolled-in_scale_65.jpg,200,200,RGB
train,rolled-in_scale,rolled-in_scale_66.jpg,200,200,RGB
train,rolled-in_scale,rolled-in_scale_67.jpg,200,200,RGB
train,rolled-in_scale,rolled-in_scale_68.jpg,200,200,RGB
train,rolled-in_scale,rolled-in_scale_69.jpg,200,200,RGB
train,rolled-in_scale,rolled-in_scale_7.jpg,200,200,RGB
train,rolled-in_scale,rolled-in_scale_70.jpg,200,200,RGB
train,rolled-in_scale,rolled-in_scale_71.jpg,200,200,RGB
train,rolled-in_scale,rolled-in_scale_72.jpg,200,200,RGB
train,rolled-in_scale,rolled-in_scale_73.jpg,200,200,RGB
train,rolled-in_scale,rolled-in_scale_74.jpg,200,200,RGB
train,rolled-in_scale,rolled-in_scale_75.jpg,200,200,RGB
train,rolled-in_scale,rolled-in_scale_76.jpg,200,200,RGB
train,rolled-in_scale,rolled-in_scale_77.jpg,200,200,RGB
train,rolled-in_scale,rolled-in_scale_78.jpg,200,200,RGB
train,rolled-in_scale,rolled-in_scale_79.jpg,200,200,RGB
train,rolled-in_scale,rolled-in_scale_8.jpg,200,200,RGB
train,rolled-in_scale,rolled-in_scale_80.jpg,200,200,RGB
train,rolled-in_scale,rolled-in_scale_81.jpg,200,200,RGB
train,rolled-in_scale,rolled-in_scale_82.jpg,200,200,RGB
train,rolled-in_scale,rolled-in_scale_83.jpg,200,200,RGB
train,rolled-in_scale,rolled-in_scale_84.jpg,200,200,RGB
train,rolled-in_scale,rolled-in_scale_85.jpg,200,200,RGB
train,rolled-in_scale,rolled-in_scale_86.jpg,200,200,RGB
train,rolled-in_scale,rolled-in_scale_87.jpg,200,200,RGB
train,rolled-in_scale,rolled-in_scale_88.jpg,200,200,RGB
train,rolled-in_scale,rolled-in_scale_89.jpg,200,200,RGB
train,rolled-in_scale,rolled-in_scale_9.jpg,200,200,RGB
train,rolled-in_scale,rolled-in_scale_90.jpg,200,200,RGB
train,rolled-in_scale,rolled-in_scale_91.jpg,200,200,RGB
train,rolled-in_scale,rolled-in_scale_92.jpg,200,200,RGB
train,rolled-in_scale,rolled-in_scale_93.jpg,200,200,RGB
train,rolled-in_scale,rolled-in_scale_94.jpg,200,200,RGB
train,rolled-in_scale,rolled-in_scale_95.jpg,200,200,RGB
train,rolled-in_scale,rolled-in_scale_96.jpg,200,200,RGB
train,rolled-in_scale,rolled-in_scale_97.jpg,200,200,RGB
train,rolled-in_scale,rolled-in_scale_98.jpg,200,200,RGB
train,rolled-in_scale,rolled-in_scale_99.jpg,200,200,RGB
train,scratches,scratches_1.jpg,200,200,RGB
train,scratches,scratches_10.jpg,200,200,RGB
train,scratches,scratches_100.jpg,200,200,RGB
train,scratches,scratches_101.jpg,200,200,RGB
train,scratches,scratches_102.jpg,200,200,RGB
train,scratches,scratches_103.jpg,200,200,RGB
train,scratches,scratches_104.jpg,200,200,RGB
train,scratches,scratches_105.jpg,200,200,RGB
train,scratches,scratches_106.jpg,200,200,RGB
train,scratches,scratches_107.jpg,200,200,RGB
train,scratches,scratches_108.jpg,200,200,RGB
train,scratches,scratches_109.jpg,200,200,RGB
train,scratches,scratches_11.jpg,200,200,RGB
train,scratches,scratches_110.jpg,200,200,RGB
train,scratches,scratches_111.jpg,200,200,RGB
train,scratches,scratches_112.jpg,200,200,RGB
train,scratches,scratches_113.jpg,200,200,RGB
train,scratches,scratches_114.jpg,200,200,RGB
train,scratches,scratches_115.jpg,200,200,RGB
train,scratches,scratches_116.jpg,200,200,RGB
train,scratches,scratches_117.jpg,200,200,RGB
train,scratches,scratches_118.jpg,200,200,RGB
train,scratches,scratches_119.jpg,200,200,RGB
train,scratches,scratches_12.jpg,200,200,RGB
train,scratches,scratches_120.jpg,200,200,RGB
train,scratches,scratches_121.jpg,200,200,RGB
train,scratches,scratches_122.jpg,200,200,RGB
train,scratches,scratches_123.jpg,200,200,RGB
train,scratches,scratches_124.jpg,200,200,RGB
train,scratches,scratches_125.jpg,200,200,RGB
train,scratches,scratches_126.jpg,200,200,RGB
train,scratches,scratches_127.jpg,200,200,RGB
train,scratches,scratches_128.jpg,200,200,RGB
train,scratches,scratches_129.jpg,200,200,RGB
train,scratches,scratches_13.jpg,200,200,RGB
train,scratches,scratches_130.jpg,200,200,RGB
train,scratches,scratches_131.jpg,200,200,RGB
train,scratches,scratches_132.jpg,200,200,RGB
train,scratches,scratches_133.jpg,200,200,RGB
train,scratches,scratches_134.jpg,200,200,RGB
train,scratches,scratches_135.jpg,200,200,RGB
train,scratches,scratches_136.jpg,200,200,RGB
train,scratches,scratches_137.jpg,200,200,RGB
train,scratches,scratches_138.jpg,200,200,RGB
train,scratches,scratches_139.jpg,200,200,RGB
train,scratches,scratches_14.jpg,200,200,RGB
train,scratches,scratches_140.jpg,200,200,RGB
train,scratches,scratches_141.jpg,200,200,RGB
train,scratches,scratches_142.jpg,200,200,RGB
train,scratches,scratches_143.jpg,200,200,RGB
train,scratches,scratches_144.jpg,200,200,RGB
train,scratches,scratches_145.jpg,200,200,RGB
train,scratches,scratches_146.jpg,200,200,RGB
train,scratches,scratches_147.jpg,200,200,RGB
train,scratches,scratches_148.jpg,200,200,RGB
train,scratches,scratches_149.jpg,200,200,RGB
train,scratches,scratches_15.jpg,200,200,RGB
train,scratches,scratches_150.jpg,200,200,RGB
train,scratches,scratches_151.jpg,200,200,RGB
train,scratches,scratches_152.jpg,200,200,RGB
train,scratches,scratches_153.jpg,200,200,RGB
train,scratches,scratches_154.jpg,200,200,RGB
train,scratches,scratches_155.jpg,200,200,RGB
train,scratches,scratches_156.jpg,200,200,RGB
train,scratches,scratches_157.jpg,200,200,RGB
train,scratches,scratches_158.jpg,200,200,RGB
train,scratches,scratches_159.jpg,200,200,RGB
train,scratches,scratches_16.jpg,200,200,RGB
train,scratches,scratches_160.jpg,200,200,RGB
train,scratches,scratches_161.jpg,200,200,RGB
train,scratches,scratches_162.jpg,200,200,RGB
train,scratches,scratches_163.jpg,200,200,RGB
train,scratches,scratches_164.jpg,200,200,RGB
train,scratches,scratches_165.jpg,200,200,RGB
train,scratches,scratches_166.jpg,200,200,RGB
train,scratches,scratches_167.jpg,200,200,RGB
train,scratches,scratches_168.jpg,200,200,RGB
train,scratches,scratches_169.jpg,200,200,RGB
train,scratches,scratches_17.jpg,200,200,RGB
train,scratches,scratches_170.jpg,200,200,RGB
train,scratches,scratches_171.jpg,200,200,RGB
train,scratches,scratches_172.jpg,200,200,RGB
train,scratches,scratches_173.jpg,200,200,RGB
train,scratches,scratches_174.jpg,200,200,RGB
train,scratches,scratches_175.jpg,200,200,RGB
train,scratches,scratches_176.jpg,200,200,RGB
train,scratches,scratches_177.jpg,200,200,RGB
train,scratches,scratches_178.jpg,200,200,RGB
train,scratches,scratches_179.jpg,200,200,RGB
train,scratches,scratches_18.jpg,200,200,RGB
train,scratches,scratches_180.jpg,200,200,RGB
train,scratches,scratches_181.jpg,200,200,RGB
train,scratches,scratches_182.jpg,200,200,RGB
train,scratches,scratches_183.jpg,200,200,RGB
train,scratches,scratches_184.jpg,200,200,RGB
train,scratches,scratches_185.jpg,200,200,RGB
train,scratches,scratches_186.jpg,200,200,RGB
train,scratches,scratches_187.jpg,200,200,RGB
train,scratches,scratches_188.jpg,200,200,RGB
train,scratches,scratches_189.jpg,200,200,RGB
train,scratches,scratches_19.jpg,200,200,RGB
train,scratches,scratches_190.jpg,200,200,RGB
train,scratches,scratches_191.jpg,200,200,RGB
train,scratches,scratches_192.jpg,200,200,RGB
train,scratches,scratches_193.jpg,200,200,RGB
train,scratches,scratches_194.jpg,200,200,RGB
train,scratches,scratches_195.jpg,200,200,RGB
train,scratches,scratches_196.jpg,200,200,RGB
train,scratches,scratches_197.jpg,200,200,RGB
train,scratches,scratches_198.jpg,200,200,RGB
train,scratches,scratches_199.jpg,200,200,RGB
train,scratches,scratches_2.jpg,200,200,RGB
train,scratches,scratches_20.jpg,200,200,RGB
train,scratches,scratches_200.jpg,200,200,RGB
train,scratches,scratches_201.jpg,200,200,RGB
train,scratches,scratches_202.jpg,200,200,RGB
train,scratches,scratches_203.jpg,200,200,RGB
train,scratches,scratches_204.jpg,200,200,RGB
train,scratches,scratches_205.jpg,200,200,RGB
train,scratches,scratches_206.jpg,200,200,RGB
train,scratches,scratches_207.jpg,200,200,RGB
train,scratches,scratches_208.jpg,200,200,RGB
train,scratches,scratches_209.jpg,200,200,RGB
train,scratches,scratches_21.jpg,200,200,RGB
train,scratches,scratches_210.jpg,200,200,RGB
train,scratches,scratches_211.jpg,200,200,RGB
train,scratches,scratches_212.jpg,200,200,RGB
train,scratches,scratches_213.jpg,200,200,RGB
train,scratches,scratches_214.jpg,200,200,RGB
train,scratches,scratches_215.jpg,200,200,RGB
train,scratches,scratches_216.jpg,200,200,RGB
train,scratches,scratches_217.jpg,200,200,RGB
train,scratches,scratches_218.jpg,200,200,RGB
train,scratches,scratches_219.jpg,200,200,RGB
train,scratches,scratches_22.jpg,200,200,RGB
train,scratches,scratches_220.jpg,200,200,RGB
train,scratches,scratches_221.jpg,200,200,RGB
train,scratches,scratches_222.jpg,200,200,RGB
train,scratches,scratches_223.jpg,200,200,RGB
train,scratches,scratches_224.jpg,200,200,RGB
train,scratches,scratches_225.jpg,200,200,RGB
train,scratches,scratches_226.jpg,200,200,RGB
train,scratches,scratches_227.jpg,200,200,RGB
train,scratches,scratches_228.jpg,200,200,RGB
train,scratches,scratches_229.jpg,200,200,RGB
train,scratches,scratches_23.jpg,200,200,RGB
train,scratches,scratches_230.jpg,200,200,RGB
train,scratches,scratches_231.jpg,200,200,RGB
train,scratches,scratches_232.jpg,200,200,RGB
train,scratches,scratches_233.jpg,200,200,RGB
train,scratches,scratches_234.jpg,200,200,RGB
train,scratches,scratches_235.jpg,200,200,RGB
train,scratches,scratches_236.jpg,200,200,RGB
train,scratches,scratches_237.jpg,200,200,RGB
train,scratches,scratches_238.jpg,200,200,RGB
train,scratches,scratches_239.jpg,200,200,RGB
train,scratches,scratches_24.jpg,200,200,RGB
train,scratches,scratches_240.jpg,200,200,RGB
train,scratches,scratches_25.jpg,200,200,RGB
train,scratches,scratches_26.jpg,200,200,RGB
train,scratches,scratches_27.jpg,200,200,RGB
train,scratches,scratches_28.jpg,200,200,RGB
train,scratches,scratches_29.jpg,200,200,RGB
train,scratches,scratches_3.jpg,200,200,RGB
train,scratches,scratches_30.jpg,200,200,RGB
train,scratches,scratches_31.jpg,200,200,RGB
train,scratches,scratches_32.jpg,200,200,RGB
train,scratches,scratches_33.jpg,200,200,RGB
train,scratches,scratches_34.jpg,200,200,RGB
train,scratches,scratches_35.jpg,200,200,RGB
train,scratches,scratches_36.jpg,200,200,RGB
train,scratches,scratches_37.jpg,200,200,RGB
train,scratches,scratches_38.jpg,200,200,RGB
train,scratches,scratches_39.jpg,200,200,RGB
train,scratches,scratches_4.jpg,200,200,RGB
train,scratches,scratches_40.jpg,200,200,RGB
train,scratches,scratches_41.jpg,200,200,RGB
train,scratches,scratches_42.jpg,200,200,RGB
train,scratches,scratches_43.jpg,200,200,RGB
train,scratches,scratches_44.jpg,200,200,RGB
train,scratches,scratches_45.jpg,200,200,RGB
train,scratches,scratches_46.jpg,200,200,RGB
train,scratches,scratches_47.jpg,200,200,RGB
train,scratches,scratches_48.jpg,200,200,RGB
train,scratches,scratches_49.jpg,200,200,RGB
train,scratches,scratches_5.jpg,200,200,RGB
train,scratches,scratches_50.jpg,200,200,RGB
train,scratches,scratches_51.jpg,200,200,RGB
train,scratches,scratches_52.jpg,200,200,RGB
train,scratches,scratches_53.jpg,200,200,RGB
train,scratches,scratches_54.jpg,200,200,RGB
train,scratches,scratches_55.jpg,200,200,RGB
train,scratches,scratches_56.jpg,200,200,RGB
train,scratches,scratches_57.jpg,200,200,RGB
train,scratches,scratches_58.jpg,200,200,RGB
train,scratches,scratches_59.jpg,200,200,RGB
train,scratches,scratches_6.jpg,200,200,RGB
train,scratches,scratches_60.jpg,200,200,RGB
train,scratches,scratches_61.jpg,200,200,RGB
train,scratches,scratches_62.jpg,200,200,RGB
train,scratches,scratches_63.jpg,200,200,RGB
train,scratches,scratches_64.jpg,200,200,RGB
train,scratches,scratches_65.jpg,200,200,RGB
train,scratches,scratches_66.jpg,200,200,RGB
train,scratches,scratches_67.jpg,200,200,RGB
train,scratches,scratches_68.jpg,200,200,RGB
train,scratches,scratches_69.jpg,200,200,RGB
train,scratches,scratches_7.jpg,200,200,RGB
train,scratches,scratches_70.jpg,200,200,RGB
train,scratches,scratches_71.jpg,200,200,RGB
train,scratches,scratches_72.jpg,200,200,RGB
train,scratches,scratches_73.jpg,200,200,RGB
train,scratches,scratches_74.jpg,200,200,RGB
train,scratches,scratches_75.jpg,200,200,RGB
train,scratches,scratches_76.jpg,200,200,RGB
train,scratches,scratches_77.jpg,200,200,RGB
train,scratches,scratches_78.jpg,200,200,RGB
train,scratches,scratches_79.jpg,200,200,RGB
train,scratches,scratches_8.jpg,200,200,RGB
train,scratches,scratches_80.jpg,200,200,RGB
train,scratches,scratches_81.jpg,200,200,RGB
train,scratches,scratches_82.jpg,200,200,RGB
train,scratches,scratches_83.jpg,200,200,RGB
train,scratches,scratches_84.jpg,200,200,RGB
train,scratches,scratches_85.jpg,200,200,RGB
train,scratches,scratches_86.jpg,200,200,RGB
train,scratches,scratches_87.jpg,200,200,RGB
train,scratches,scratches_88.jpg,200,200,RGB
train,scratches,scratches_89.jpg,200,200,RGB
train,scratches,scratches_9.jpg,200,200,RGB
train,scratches,scratches_90.jpg,200,200,RGB
train,scratches,scratches_91.jpg,200,200,RGB
train,scratches,scratches_92.jpg,200,200,RGB
train,scratches,scratches_93.jpg,200,200,RGB
train,scratches,scratches_94.jpg,200,200,RGB
train,scratches,scratches_95.jpg,200,200,RGB
train,scratches,scratches_96.jpg,200,200,RGB
train,scratches,scratches_97.jpg,200,200,RGB
train,scratches,scratches_98.jpg,200,200,RGB
train,scratches,scratches_99.jpg,200,200,RGB
validation,crazing,crazing_241.jpg,200,200,RGB
validation,crazing,crazing_242.jpg,200,200,RGB
validation,crazing,crazing_243.jpg,200,200,RGB
validation,crazing,crazing_244.jpg,200,200,RGB
validation,crazing,crazing_245.jpg,200,200,RGB
validation,crazing,crazing_246.jpg,200,200,RGB
validation,crazing,crazing_247.jpg,200,200,RGB
validation,crazing,crazing_248.jpg,200,200,RGB
validation,crazing,crazing_249.jpg,200,200,RGB
validation,crazing,crazing_250.jpg,200,200,RGB
validation,crazing,crazing_251.jpg,200,200,RGB
validation,crazing,crazing_252.jpg,200,200,RGB
validation,crazing,crazing_253.jpg,200,200,RGB
validation,crazing,crazing_254.jpg,200,200,RGB
validation,crazing,crazing_255.jpg,200,200,RGB
validation,crazing,crazing_256.jpg,200,200,RGB
validation,crazing,crazing_257.jpg,200,200,RGB
validation,crazing,crazing_258.jpg,200,200,RGB
validation,crazing,crazing_259.jpg,200,200,RGB
validation,crazing,crazing_260.jpg,200,200,RGB
validation,crazing,crazing_261.jpg,200,200,RGB
validation,crazing,crazing_262.jpg,200,200,RGB
validation,crazing,crazing_263.jpg,200,200,RGB
validation,crazing,crazing_264.jpg,200,200,RGB
validation,crazing,crazing_265.jpg,200,200,RGB
validation,crazing,crazing_266.jpg,200,200,RGB
validation,crazing,crazing_267.jpg,200,200,RGB
validation,crazing,crazing_268.jpg,200,200,RGB
validation,crazing,crazing_269.jpg,200,200,RGB
validation,crazing,crazing_270.jpg,200,200,RGB
validation,crazing,crazing_271.jpg,200,200,RGB
validation,crazing,crazing_272.jpg,200,200,RGB
validation,crazing,crazing_273.jpg,200,200,RGB
validation,crazing,crazing_274.jpg,200,200,RGB
validation,crazing,crazing_275.jpg,200,200,RGB
validation,crazing,crazing_276.jpg,200,200,RGB
validation,crazing,crazing_277.jpg,200,200,RGB
validation,crazing,crazing_278.jpg,200,200,RGB
validation,crazing,crazing_279.jpg,200,200,RGB
validation,crazing,crazing_280.jpg,200,200,RGB
validation,crazing,crazing_281.jpg,200,200,RGB
validation,crazing,crazing_282.jpg,200,200,RGB
validation,crazing,crazing_283.jpg,200,200,RGB
validation,crazing,crazing_284.jpg,200,200,RGB
validation,crazing,crazing_285.jpg,200,200,RGB
validation,crazing,crazing_286.jpg,200,200,RGB
validation,crazing,crazing_287.jpg,200,200,RGB
validation,crazing,crazing_288.jpg,200,200,RGB
validation,crazing,crazing_289.jpg,200,200,RGB
validation,crazing,crazing_290.jpg,200,200,RGB
validation,crazing,crazing_291.jpg,200,200,RGB
validation,crazing,crazing_292.jpg,200,200,RGB
validation,crazing,crazing_293.jpg,200,200,RGB
validation,crazing,crazing_294.jpg,200,200,RGB
validation,crazing,crazing_295.jpg,200,200,RGB
validation,crazing,crazing_296.jpg,200,200,RGB
validation,crazing,crazing_297.jpg,200,200,RGB
validation,crazing,crazing_298.jpg,200,200,RGB
validation,crazing,crazing_299.jpg,200,200,RGB
validation,crazing,crazing_300.jpg,200,200,RGB
validation,inclusion,inclusion_241.jpg,200,200,RGB
validation,inclusion,inclusion_242.jpg,200,200,RGB
validation,inclusion,inclusion_243.jpg,200,200,RGB
validation,inclusion,inclusion_244.jpg,200,200,RGB
validation,inclusion,inclusion_245.jpg,200,200,RGB
validation,inclusion,inclusion_246.jpg,200,200,RGB
validation,inclusion,inclusion_247.jpg,200,200,RGB
validation,inclusion,inclusion_248.jpg,200,200,RGB
validation,inclusion,inclusion_249.jpg,200,200,RGB
validation,inclusion,inclusion_250.jpg,200,200,RGB
validation,inclusion,inclusion_251.jpg,200,200,RGB
validation,inclusion,inclusion_252.jpg,200,200,RGB
validation,inclusion,inclusion_253.jpg,200,200,RGB
validation,inclusion,inclusion_254.jpg,200,200,RGB
validation,inclusion,inclusion_255.jpg,200,200,RGB
validation,inclusion,inclusion_256.jpg,200,200,RGB
validation,inclusion,inclusion_257.jpg,200,200,RGB
validation,inclusion,inclusion_258.jpg,200,200,RGB
validation,inclusion,inclusion_259.jpg,200,200,RGB
validation,inclusion,inclusion_260.jpg,200,200,RGB
validation,inclusion,inclusion_261.jpg,200,200,RGB
validation,inclusion,inclusion_262.jpg,200,200,RGB
validation,inclusion,inclusion_263.jpg,200,200,RGB
validation,inclusion,inclusion_264.jpg,200,200,RGB
validation,inclusion,inclusion_265.jpg,200,200,RGB
validation,inclusion,inclusion_266.jpg,200,200,RGB
validation,inclusion,inclusion_267.jpg,200,200,RGB
validation,inclusion,inclusion_268.jpg,200,200,RGB
validation,inclusion,inclusion_269.jpg,200,200,RGB
validation,inclusion,inclusion_270.jpg,200,200,RGB
validation,inclusion,inclusion_271.jpg,200,200,RGB
validation,inclusion,inclusion_272.jpg,200,200,RGB
validation,inclusion,inclusion_273.jpg,200,200,RGB
validation,inclusion,inclusion_274.jpg,200,200,RGB
validation,inclusion,inclusion_275.jpg,200,200,RGB
validation,inclusion,inclusion_276.jpg,200,200,RGB
validation,inclusion,inclusion_277.jpg,200,200,RGB
validation,inclusion,inclusion_278.jpg,200,200,RGB
validation,inclusion,inclusion_279.jpg,200,200,RGB
validation,inclusion,inclusion_280.jpg,200,200,RGB
validation,inclusion,inclusion_281.jpg,200,200,RGB
validation,inclusion,inclusion_282.jpg,200,200,RGB
validation,inclusion,inclusion_283.jpg,200,200,RGB
validation,inclusion,inclusion_284.jpg,200,200,RGB
validation,inclusion,inclusion_285.jpg,200,200,RGB
validation,inclusion,inclusion_286.jpg,200,200,RGB
validation,inclusion,inclusion_287.jpg,200,200,RGB
validation,inclusion,inclusion_288.jpg,200,200,RGB
validation,inclusion,inclusion_289.jpg,200,200,RGB
validation,inclusion,inclusion_290.jpg,200,200,RGB
validation,inclusion,inclusion_291.jpg,200,200,RGB
validation,inclusion,inclusion_292.jpg,200,200,RGB
validation,inclusion,inclusion_293.jpg,200,200,RGB
validation,inclusion,inclusion_294.jpg,200,200,RGB
validation,inclusion,inclusion_295.jpg,200,200,RGB
validation,inclusion,inclusion_296.jpg,200,200,RGB
validation,inclusion,inclusion_297.jpg,200,200,RGB
validation,inclusion,inclusion_298.jpg,200,200,RGB
validation,inclusion,inclusion_299.jpg,200,200,RGB
validation,inclusion,inclusion_300.jpg,200,200,RGB
validation,patches,patches_241.jpg,200,200,RGB
validation,patches,patches_242.jpg,200,200,RGB
validation,patches,patches_243.jpg,200,200,RGB
validation,patches,patches_244.jpg,200,200,RGB
validation,patches,patches_245.jpg,200,200,RGB
validation,patches,patches_246.jpg,200,200,RGB
validation,patches,patches_247.jpg,200,200,RGB
validation,patches,patches_248.jpg,200,200,RGB
validation,patches,patches_249.jpg,200,200,RGB
validation,patches,patches_250.jpg,200,200,RGB
validation,patches,patches_251.jpg,200,200,RGB
validation,patches,patches_252.jpg,200,200,RGB
validation,patches,patches_253.jpg,200,200,RGB
validation,patches,patches_254.jpg,200,200,RGB
validation,patches,patches_255.jpg,200,200,RGB
validation,patches,patches_256.jpg,200,200,RGB
validation,patches,patches_257.jpg,200,200,RGB
validation,patches,patches_258.jpg,200,200,RGB
validation,patches,patches_259.jpg,200,200,RGB
validation,patches,patches_260.jpg,200,200,RGB
validation,patches,patches_261.jpg,200,200,RGB
validation,patches,patches_262.jpg,200,200,RGB
validation,patches,patches_263.jpg,200,200,RGB
validation,patches,patches_264.jpg,200,200,RGB
validation,patches,patches_265.jpg,200,200,RGB
validation,patches,patches_266.jpg,200,200,RGB
validation,patches,patches_267.jpg,200,200,RGB
validation,patches,patches_268.jpg,200,200,RGB
validation,patches,patches_269.jpg,200,200,RGB
validation,patches,patches_270.jpg,200,200,RGB
validation,patches,patches_271.jpg,200,200,RGB
validation,patches,patches_272.jpg,200,200,RGB
validation,patches,patches_273.jpg,200,200,RGB
validation,patches,patches_274.jpg,200,200,RGB
validation,patches,patches_275.jpg,200,200,RGB
validation,patches,patches_276.jpg,200,200,RGB
validation,patches,patches_277.jpg,200,200,RGB
validation,patches,patches_278.jpg,200,200,RGB
validation,patches,patches_279.jpg,200,200,RGB
validation,patches,patches_280.jpg,200,200,RGB
validation,patches,patches_281.jpg,200,200,RGB
validation,patches,patches_282.jpg,200,200,RGB
validation,patches,patches_283.jpg,200,200,RGB
validation,patches,patches_284.jpg,200,200,RGB
validation,patches,patches_285.jpg,200,200,RGB
validation,patches,patches_286.jpg,200,200,RGB
validation,patches,patches_287.jpg,200,200,RGB
validation,patches,patches_288.jpg,200,200,RGB
validation,patches,patches_289.jpg,200,200,RGB
validation,patches,patches_290.jpg,200,200,RGB
validation,patches,patches_291.jpg,200,200,RGB
validation,patches,patches_292.jpg,200,200,RGB
validation,patches,patches_293.jpg,200,200,RGB
validation,patches,patches_294.jpg,200,200,RGB
validation,patches,patches_295.jpg,200,200,RGB
validation,patches,patches_296.jpg,200,200,RGB
validation,patches,patches_297.jpg,200,200,RGB
validation,patches,patches_298.jpg,200,200,RGB
validation,patches,patches_299.jpg,200,200,RGB
validation,patches,patches_300.jpg,200,200,RGB
validation,pitted_surface,pitted_surface_241.jpg,200,200,RGB
validation,pitted_surface,pitted_surface_242.jpg,200,200,RGB
validation,pitted_surface,pitted_surface_243.jpg,200,200,RGB
validation,pitted_surface,pitted_surface_244.jpg,200,200,RGB
validation,pitted_surface,pitted_surface_245.jpg,200,200,RGB
validation,pitted_surface,pitted_surface_246.jpg,200,200,RGB
validation,pitted_surface,pitted_surface_247.jpg,200,200,RGB
validation,pitted_surface,pitted_surface_248.jpg,200,200,RGB
validation,pitted_surface,pitted_surface_249.jpg,200,200,RGB
validation,pitted_surface,pitted_surface_250.jpg,200,200,RGB
validation,pitted_surface,pitted_surface_251.jpg,200,200,RGB
validation,pitted_surface,pitted_surface_252.jpg,200,200,RGB
validation,pitted_surface,pitted_surface_253.jpg,200,200,RGB
validation,pitted_surface,pitted_surface_254.jpg,200,200,RGB
validation,pitted_surface,pitted_surface_255.jpg,200,200,RGB
validation,pitted_surface,pitted_surface_256.jpg,200,200,RGB
validation,pitted_surface,pitted_surface_257.jpg,200,200,RGB
validation,pitted_surface,pitted_surface_258.jpg,200,200,RGB
validation,pitted_surface,pitted_surface_259.jpg,200,200,RGB
validation,pitted_surface,pitted_surface_260.jpg,200,200,RGB
validation,pitted_surface,pitted_surface_261.jpg,200,200,RGB
validation,pitted_surface,pitted_surface_262.jpg,200,200,RGB
validation,pitted_surface,pitted_surface_263.jpg,200,200,RGB
validation,pitted_surface,pitted_surface_264.jpg,200,200,RGB
validation,pitted_surface,pitted_surface_265.jpg,200,200,RGB
validation,pitted_surface,pitted_surface_266.jpg,200,200,RGB
validation,pitted_surface,pitted_surface_267.jpg,200,200,RGB
validation,pitted_surface,pitted_surface_268.jpg,200,200,RGB
validation,pitted_surface,pitted_surface_269.jpg,200,200,RGB
validation,pitted_surface,pitted_surface_270.jpg,200,200,RGB
validation,pitted_surface,pitted_surface_271.jpg,200,200,RGB
validation,pitted_surface,pitted_surface_272.jpg,200,200,RGB
validation,pitted_surface,pitted_surface_273.jpg,200,200,RGB
validation,pitted_surface,pitted_surface_274.jpg,200,200,RGB
validation,pitted_surface,pitted_surface_275.jpg,200,200,RGB
validation,pitted_surface,pitted_surface_276.jpg,200,200,RGB
validation,pitted_surface,pitted_surface_277.jpg,200,200,RGB
validation,pitted_surface,pitted_surface_278.jpg,200,200,RGB
validation,pitted_surface,pitted_surface_279.jpg,200,200,RGB
validation,pitted_surface,pitted_surface_280.jpg,200,200,RGB
validation,pitted_surface,pitted_surface_281.jpg,200,200,RGB
validation,pitted_surface,pitted_surface_282.jpg,200,200,RGB
validation,pitted_surface,pitted_surface_283.jpg,200,200,RGB
validation,pitted_surface,pitted_surface_284.jpg,200,200,RGB
validation,pitted_surface,pitted_surface_285.jpg,200,200,RGB
validation,pitted_surface,pitted_surface_286.jpg,200,200,RGB
validation,pitted_surface,pitted_surface_287.jpg,200,200,RGB
validation,pitted_surface,pitted_surface_288.jpg,200,200,RGB
validation,pitted_surface,pitted_surface_289.jpg,200,200,RGB
validation,pitted_surface,pitted_surface_290.jpg,200,200,RGB
validation,pitted_surface,pitted_surface_291.jpg,200,200,RGB
validation,pitted_surface,pitted_surface_292.jpg,200,200,RGB
validation,pitted_surface,pitted_surface_293.jpg,200,200,RGB
validation,pitted_surface,pitted_surface_294.jpg,200,200,RGB
validation,pitted_surface,pitted_surface_295.jpg,200,200,RGB
validation,pitted_surface,pitted_surface_296.jpg,200,200,RGB
validation,pitted_surface,pitted_surface_297.jpg,200,200,RGB
validation,pitted_surface,pitted_surface_298.jpg,200,200,RGB
validation,pitted_surface,pitted_surface_299.jpg,200,200,RGB
validation,pitted_surface,pitted_surface_300.jpg,200,200,RGB
validation,rolled-in_scale,rolled-in_scale_241.jpg,200,200,RGB
validation,rolled-in_scale,rolled-in_scale_242.jpg,200,200,RGB
validation,rolled-in_scale,rolled-in_scale_243.jpg,200,200,RGB
validation,rolled-in_scale,rolled-in_scale_244.jpg,200,200,RGB
validation,rolled-in_scale,rolled-in_scale_245.jpg,200,200,RGB
validation,rolled-in_scale,rolled-in_scale_246.jpg,200,200,RGB
validation,rolled-in_scale,rolled-in_scale_247.jpg,200,200,RGB
validation,rolled-in_scale,rolled-in_scale_248.jpg,200,200,RGB
validation,rolled-in_scale,rolled-in_scale_249.jpg,200,200,RGB
validation,rolled-in_scale,rolled-in_scale_250.jpg,200,200,RGB
validation,rolled-in_scale,rolled-in_scale_251.jpg,200,200,RGB
validation,rolled-in_scale,rolled-in_scale_252.jpg,200,200,RGB
validation,rolled-in_scale,rolled-in_scale_253.jpg,200,200,RGB
validation,rolled-in_scale,rolled-in_scale_254.jpg,200,200,RGB
validation,rolled-in_scale,rolled-in_scale_255.jpg,200,200,RGB
validation,rolled-in_scale,rolled-in_scale_256.jpg,200,200,RGB
validation,rolled-in_scale,rolled-in_scale_257.jpg,200,200,RGB
validation,rolled-in_scale,rolled-in_scale_258.jpg,200,200,RGB
validation,rolled-in_scale,rolled-in_scale_259.jpg,200,200,RGB
validation,rolled-in_scale,rolled-in_scale_260.jpg,200,200,RGB
validation,rolled-in_scale,rolled-in_scale_261.jpg,200,200,RGB
validation,rolled-in_scale,rolled-in_scale_262.jpg,200,200,RGB
validation,rolled-in_scale,rolled-in_scale_263.jpg,200,200,RGB
validation,rolled-in_scale,rolled-in_scale_264.jpg,200,200,RGB
validation,rolled-in_scale,rolled-in_scale_265.jpg,200,200,RGB
validation,rolled-in_scale,rolled-in_scale_266.jpg,200,200,RGB
validation,rolled-in_scale,rolled-in_scale_267.jpg,200,200,RGB
validation,rolled-in_scale,rolled-in_scale_268.jpg,200,200,RGB
validation,rolled-in_scale,rolled-in_scale_269.jpg,200,200,RGB
validation,rolled-in_scale,rolled-in_scale_270.jpg,200,200,RGB
validation,rolled-in_scale,rolled-in_scale_271.jpg,200,200,RGB
validation,rolled-in_scale,rolled-in_scale_272.jpg,200,200,RGB
validation,rolled-in_scale,rolled-in_scale_273.jpg,200,200,RGB
validation,rolled-in_scale,rolled-in_scale_274.jpg,200,200,RGB
validation,rolled-in_scale,rolled-in_scale_275.jpg,200,200,RGB
validation,rolled-in_scale,rolled-in_scale_276.jpg,200,200,RGB
validation,rolled-in_scale,rolled-in_scale_277.jpg,200,200,RGB
validation,rolled-in_scale,rolled-in_scale_278.jpg,200,200,RGB
validation,rolled-in_scale,rolled-in_scale_279.jpg,200,200,RGB
validation,rolled-in_scale,rolled-in_scale_280.jpg,200,200,RGB
validation,rolled-in_scale,rolled-in_scale_281.jpg,200,200,RGB
validation,rolled-in_scale,rolled-in_scale_282.jpg,200,200,RGB
validation,rolled-in_scale,rolled-in_scale_283.jpg,200,200,RGB
validation,rolled-in_scale,rolled-in_scale_284.jpg,200,200,RGB
validation,rolled-in_scale,rolled-in_scale_285.jpg,200,200,RGB
validation,rolled-in_scale,rolled-in_scale_286.jpg,200,200,RGB
validation,rolled-in_scale,rolled-in_scale_287.jpg,200,200,RGB
validation,rolled-in_scale,rolled-in_scale_288.jpg,200,200,RGB
validation,rolled-in_scale,rolled-in_scale_289.jpg,200,200,RGB
validation,rolled-in_scale,rolled-in_scale_290.jpg,200,200,RGB
validation,rolled-in_scale,rolled-in_scale_291.jpg,200,200,RGB
validation,rolled-in_scale,rolled-in_scale_292.jpg,200,200,RGB
validation,rolled-in_scale,rolled-in_scale_293.jpg,200,200,RGB
validation,rolled-in_scale,rolled-in_scale_294.jpg,200,200,RGB
validation,rolled-in_scale,rolled-in_scale_295.jpg,200,200,RGB
validation,rolled-in_scale,rolled-in_scale_296.jpg,200,200,RGB
validation,rolled-in_scale,rolled-in_scale_297.jpg,200,200,RGB
validation,rolled-in_scale,rolled-in_scale_298.jpg,200,200,RGB
validation,rolled-in_scale,rolled-in_scale_299.jpg,200,200,RGB
validation,rolled-in_scale,rolled-in_scale_300.jpg,200,200,RGB
validation,scratches,scratches_241.jpg,200,200,RGB
validation,scratches,scratches_242.jpg,200,200,RGB
validation,scratches,scratches_243.jpg,200,200,RGB
validation,scratches,scratches_244.jpg,200,200,RGB
validation,scratches,scratches_245.jpg,200,200,RGB
validation,scratches,scratches_246.jpg,200,200,RGB
validation,scratches,scratches_247.jpg,200,200,RGB
validation,scratches,scratches_248.jpg,200,200,RGB
validation,scratches,scratches_249.jpg,200,200,RGB
validation,scratches,scratches_250.jpg,200,200,RGB
validation,scratches,scratches_251.jpg,200,200,RGB
validation,scratches,scratches_252.jpg,200,200,RGB
validation,scratches,scratches_253.jpg,200,200,RGB
validation,scratches,scratches_254.jpg,200,200,RGB
validation,scratches,scratches_255.jpg,200,200,RGB
validation,scratches,scratches_256.jpg,200,200,RGB
validation,scratches,scratches_257.jpg,200,200,RGB
validation,scratches,scratches_258.jpg,200,200,RGB
validation,scratches,scratches_259.jpg,200,200,RGB
validation,scratches,scratches_260.jpg,200,200,RGB
validation,scratches,scratches_261.jpg,200,200,RGB
validation,scratches,scratches_262.jpg,200,200,RGB
validation,scratches,scratches_263.jpg,200,200,RGB
validation,scratches,scratches_264.jpg,200,200,RGB
validation,scratches,scratches_265.jpg,200,200,RGB
validation,scratches,scratches_266.jpg,200,200,RGB
validation,scratches,scratches_267.jpg,200,200,RGB
validation,scratches,scratches_268.jpg,200,200,RGB
validation,scratches,scratches_269.jpg,200,200,RGB
validation,scratches,scratches_270.jpg,200,200,RGB
validation,scratches,scratches_271.jpg,200,200,RGB
validation,scratches,scratches_272.jpg,200,200,RGB
validation,scratches,scratches_273.jpg,200,200,RGB
validation,scratches,scratches_274.jpg,200,200,RGB
validation,scratches,scratches_275.jpg,200,200,RGB
validation,scratches,scratches_276.jpg,200,200,RGB
validation,scratches,scratches_277.jpg,200,200,RGB
validation,scratches,scratches_278.jpg,200,200,RGB
validation,scratches,scratches_279.jpg,200,200,RGB
validation,scratches,scratches_280.jpg,200,200,RGB
validation,scratches,scratches_281.jpg,200,200,RGB
validation,scratches,scratches_282.jpg,200,200,RGB
validation,scratches,scratches_283.jpg,200,200,RGB
validation,scratches,scratches_284.jpg,200,200,RGB
validation,scratches,scratches_285.jpg,200,200,RGB
validation,scratches,scratches_286.jpg,200,200,RGB
validation,scratches,scratches_287.jpg,200,200,RGB
validation,scratches,scratches_288.jpg,200,200,RGB
validation,scratches,scratches_289.jpg,200,200,RGB
validation,scratches,scratches_290.jpg,200,200,RGB
validation,scratches,scratches_291.jpg,200,200,RGB
validation,scratches,scratches_292.jpg,200,200,RGB
validation,scratches,scratches_293.jpg,200,200,RGB
validation,scratches,scratches_294.jpg,200,200,RGB
validation,scratches,scratches_295.jpg,200,200,RGB
validation,scratches,scratches_296.jpg,200,200,RGB
validation,scratches,scratches_297.jpg,200,200,RGB
validation,scratches,scratches_298.jpg,200,200,RGB
validation,scratches,scratches_299.jpg,200,200,RGB
validation,scratches,scratches_300.jpg,200,200,RGB
